name,nameid
Revell,34000
Santa Cruz,34001
Adebayor,34002
Royce,34003
Padoin,34004
Riesgo Unamuno,34005
Riesgo,34006
Fanni,34007
H.Kaldırım,34008
McShane,34009
Vorm,34010
Antolín,34011
Alcaraz,34012
A. Alcaraz,34013
Conway,34014
J. Caceres,34015
B. Murphy,34016
Vadócz,34017
Montillo,34018
M.Demir,34019
Yekta,34020
Kurtuluş,34021
F. Seoane,34022
Reguero Chapinal,34023
Reguero,34024
Malarz,34025
Al Habsi,34026
Molinaro,34027
Bojinov,34028
D. Murphy,34029
Vaz Tê,34030
Ricardo Vaz Tê,34031
Vaz Te,34032
Pellerano,34033
I. Vazquez,34034
Ribéry,34035
Alvarez P.,34036
José Alfredo,34037
Silvestre,34038
R.Zapata,34039
Élton José,34040
Xavier Gomes,34041
Élton,34042
J.Ménez,34043
Ben Arfa,34044
Fernando Javier,34045
Llorente Torres,34046
Llorente,34047
Spider,34048
Jiménez Tejada,34049
Xisco,34050
Ledley,34051
Hobbs,34052
Escalada,34053
Scarione,34054
Dong Hyen,34055
Yang Dong Hyen,34056
DongHyen,34057
Danns,34058
Ustari,34059
Cabaye,34060
Stanco,34061
A. Rodriguez,34062
Leao,34063
Butrón,34064
Darron,34065
Cattermole,34066
Estoyanoff,34067
J.V. Grant,34068
Oyola,34069
Rodríguez Sánchez,34070
David Rodríguez,34071
De Ridder,34072
Santamaría Ciprián,34073
Sturridge,34074
Bergessio,34075
Bieler,34076
Troisi,34077
Gonçalves Varela,34078
José Crespo,34079
Sone,34080
Aluko,34081
Caddis,34082
de Lucas Torres,34083
De Lucas,34084
Chory,34085
Joselito,34086
A. Fathi,34087
Ujkani,34088
Akpala,34089
Kiełb,34090
Ovelar,34091
Bava,34092
Änis,34093
Ben-Hatira,34094
Marco Pereira,34095
Bjärsmyr,34096
Gabbarini,34097
D. Mbokani,34098
Valdet,34099
Rama,34100
de Guzmán,34101
de Guzman,34102
Stéphen,34103
Birniçan,34104
Habibou,34105
Janus,34106
Pablo Daniel,34107
Ione NZ,34108
Maierhofer,34109
Hooper,34110
Miguel S.,34111
Shaggy,34112
Rinaldo,34113
Cruzado,34114
Larrivey,34115
Fernando L.,34116
Yang CH.,34117
Wang X.L.,34118
Rong H.,34119
Wu Y.,34120
Qin SH.,34121
Zou ZH.,34122
Li B.J.,34123
Yang Q.P.,34124
Tan W.S.,34125
Liu W.D.,34126
Chen L.,34127
Zhang CH.D.,34128
Ding J.,34129
Yang X.,34130
Cheng Y.L.,34131
Sun SH.B.,34132
Zhang CH.,34133
Kermit,34134
Erasmus,34135
Rúben Tiago,34136
Rodrigues Ribeiro,34137
Rúben Ribeiro,34138
Ruben R.,34139
Bagüí,34140
Dzsudzsak,34141
Xiao ZH.,34142
Lei Y.Ch.,34143
Sui D.L.,34144
Zanev,34145
L. Aguiar,34146
Tollås Nation,34147
Rodwell,34148
Slobodan,34149
Rajković,34150
Faneva,34151
Andriatsima,34152
Matias David,34153
Myong Jin,34154
Koh Myong Jin,34155
MyongJin,34156
Feczesin,34157
Bogdán,34158
Kupisz,34159
C. Chavez,34160
Moukandjo,34161
Koprivec,34162
Kambou,34163
Sunu,34164
Zhang Ch.M.,34165
Feng Zh.Y.,34166
Tejeda,34167
Seba F. M.,34168
Lu L.,34169
Laurito,34170
K. Olivas,34171
Pérez García,34172
Rabiu,34173
Efe,34174
Pāvels,34175
Reimond,34176
Manco,34177
Zhou Y.J.,34178
Gu C.,34179
Büttner,34180
Leilei,34181
Gao Leilei,34182
Gao. W,34183
Soslan,34184
Dzhanaev,34185
Brisley,34186
Borysiuk,34187
Muris,34188
Mešanović,34189
Tafer,34190
Holtby,34191
Viatri,34192
E.Manga,34193
Rivière,34194
Riviere,34195
Édouard,34196
Butin,34197
Gai,34198
Assulin,34199
Heurtaux,34200
Delvin,34201
N'Dinga,34202
M.Valiente,34203
A.NDiaye,34204
Marinelli,34205
Máximo,34206
Cillian,34207
Susaeta Laskurain,34208
D.Farias,34209
O.Şahan,34210
Ramalho Chimeno,34211
Álvaro Giménez,34212
Tabaré,34213
Viúdez,34214
T. Viudez,34215
Ghoochannejhad,34216
Migjen,34217
Del Prete,34218
Köybaşı,34219
Deana,34220
M. Janota,34221
Savvas,34222
Gentsoglou,34223
Sielva,34224
Quiñonez,34225
U.Dávila,34226
Armaș,34227
Armas,34228
Préjuce,34229
Nakoulma,34230
P.Nakoulma,34231
Pa Modou,34232
Malico Paulino,34233
U.Medina,34234
A. Zori,34235
Salman F,34236
Naif Ahmed,34237
Al-Mazidi,34238
Hou S.,34239
Yu Y.,34240
Gao D.,34241
Dong X.SH.,34242
D. Reyes,34243
E. Souza,34244
Araújo Razo,34245
Stoian,34246
Bertolacci,34247
Geng X.F.,34248
Rocha Lima,34249
Rúben Lima,34250
Paulinho Guerreiro,34251
Josmar,34252
J. Zambrano,34253
Canuto,34254
Jr. Caiçara,34255
Kesen,34256
Ai Kesen,34257
Kike G.,34258
Othoniel,34259
K.Navas,34260
Rangelo,34261
Bruno Gabriel,34262
Bruno Soares,34263
Radlinger,34264
Monteiro de Almeida,34265
Tiago Almeida,34266
Prediger,34267
José Rodolfo,34268
Pires Ribeiro,34269
Kawin,34270
Thamsatchanan,34271
I. Lopez B.,34272
Teerasil,34273
Dangda,34274
F. Djuricic,34275
Pringle,34276
Airam Cabrera,34277
Knowledge,34278
Musona,34279
Mazzotta,34280
Manoel Messias,34281
Silva Carvalho,34282
Manoel,34283
Paniagua,34284
Varga R.,34285
Tankulić,34286
Didí,34287
Macnelly,34288
Marcio,34289
Írven,34290
Granados,34291
Edemir,34292
Helmut,34293
Regattin,34294
Fabbrini,34295
Donati,34296
J.Martin,34297
Hanyer,34298
Igboananike,34299
X.Navarro,34300
Frear,34301
Chuma,34302
Anene,34303
Samu Saiz,34304
Schenkeveld,34305
Raúl Carnero,34306
R. Carnero,34307
Korcsmar,34308
Ruairí,34309
R. Harkin,34310
Gerard Bi Goua,34311
Gohou,34312
Vamouti,34313
Elbasan,34314
Oldrup,34315
Petsos,34316
Carlos Adriano,34317
de Souza Cruz,34318
Adriano.C.N,34319
Gamarra,34320
A. Domínguez,34321
Geovanny,34322
Stangl,34323
Young Uk,34324
Kim Young Uk,34325
YoungUk,34326
Seba,34327
Sağlık,34328
D.Mariño,34329
Nelom,34330
Malarczyk,34331
Pedriel,34332
Silva Lopes Matias,34333
Marco Matias,34334
Ogu,34335
Stamnestrø,34336
Emre Çolak,34337
Atınç,34338
Nukan,34339
Mulumba,34340
Orlando,34341
Gaona Lugo,34342
A. Patrick,34343
Martínez Borja,34344
C. Martinez,34345
Schimpelsberger,34346
Diogo Salomão,34347
Coker,34348
Burdisso,34349
K.Freeman,34350
Uvini Bortolança,34351
Bruno Uvini,34352
Uvini,34353
Răduţ,34354
Bussmann,34355
Yi T.,34356
Booth,34357
Garratt,34358
Diego Rigonato,34359
Slowik,34360
Pérez Navarro,34361
Álex Pérez,34362
Alex Pérez,34363
Afriyie,34364
Acquah,34365
Rönnow,34366
Ferreira Pinto,34367
Negueba,34368
Harriott,34369
Blažević,34370
L. Mejia,34371
Yu H.,34372
Wálter,34373
Bordagaray,34374
Slew,34375
G. Ivanov,34376
Riffi,34377
William. O,34378
D. Arias,34379
Jair Eduardo,34380
Britto da Silva,34381
J. Britto,34382
Harriman,34383
Ivar,34384
Esmaël Ruti,34385
Tavares Gonçalves,34386
Isma,34387
Lewerenz,34388
Go Moo Yeol,34389
Ertaç,34390
Özbir,34391
Hyuk Jin,34392
Jang Hyuk Jin,34393
HyukJin,34394
Domingues Piazón,34395
Lucas Piazón,34396
Gyliano,34397
van Velzen,34398
S. Sánchez Aguiar,34399
Wellington Nem,34400
W. Nem,34401
Wszołek,34402
Joazhiño,34403
Arroé,34404
Koç,34405
Anıl Koç,34406
W. Fiel,34407
K.Aouadhi,34408
Caffaratti,34409
Kontoes,34410
Rául,34411
Anass,34412
Achahbar,34413
Lezca,34414
Z. Gino,34415
Nieto Vela,34416
Dani Nieto,34417
Selnaes,34418
Afonso Miguel,34419
Vilhena Taira,34420
Afonso Taira,34421
Affane,34422
Nick Clive,34423
Ansell,34424
Ferhan,34425
Young Joon,34426
Choi Young Joon,34427
YoungJoon,34428
K. Boli,34429
N.Sliti,34430
Alexander Juel,34431
Juel,34432
Alberto M.,34433
A.Sousa,34434
L.Ocampos,34435
Mior,34436
Pol Freixanet,34437
P. Freixanet,34438
Ocimar,34439
Almeida Júnior,34440
Júnior Urso,34441
Jr. Urso,34442
Terziev,34443
A.Sane,34444
Grobler,34445
Marí Villar,34446
Pablo Marí,34447
Hinostroza,34448
Sánchez Sotelo,34449
J. Sánchez Sotelo,34450
Sendles-White,34451
Haugaard,34452
Alfaro,34453
Ballini,34454
Sung Dong,34455
Baek Sung Dong,34456
SungDong,34457
Ban Suk,34458
Oh Ban Suk,34459
BanSuk,34460
Neto Volpi,34461
Pedro Heneique,34462
Claudionor,34463
Souza de Jesus,34464
Lelêu,34465
Orfano,34466
E. Orfano,34467
Se Jong,34468
Ju Se Jong,34469
SeJong,34470
Przybylko,34471
Kurdi,34472
A.Blomqvist,34473
Gnohéré,34474
Chow,34475
Punčec,34476
de Jesús,34477
Campanharo,34478
Gustavo Campanharo,34479
G. Campanharo,34480
Schoenfeld,34481
Dyngeland,34482
Oliver.T,34483
Jonte,34484
Mchangama,34485
M.Sahlawi,34486
K.Ghamdi,34487
K.Sharaheli,34488
S. Alqumayzi,34489
Rubert,34490
Quijada,34491
A. Al Yousif,34492
Jehad,34493
Al Zoaed,34494
Al Hussien,34495
A.K,34496
Bevis,34497
Mugabi,34498
Zwoliński,34499
Ghilas,34500
Mouez,34501
Hassen,34502
H.Sacko,34503
Donervon,34504
Kristián,34505
Koštrna,34506
Queensy,34507
Derlis,34508
D. Gonzalez,34509
B. AlNakly,34510
Antônio Carlos,34511
Cunha Capocasali Jr,34512
Britos,34513
Diogo Mateus,34514
Rodrigues Maciel,34515
Rodríguez Martínez,34516
José Rodríguez,34517
José Rguez,34518
Jertec,34519
A.Majrashi,34520
da Silva Peres,34521
Bruno Peres,34522
R. D. T.,34523
S.Doukara,34524
Najib,34525
Ammari,34526
Do,34527
Do Dong Hyun,34528
Donghyun,34529
P. Oliveira,34530
Mynor,34531
Escoe,34532
M.Abusabaan,34533
de Lima Silva,34534
Leandrinho,34535
H. Kadesh,34536
R. Ferreira,34537
Zhukov,34538
Bader Mansour,34539
Al Seliteen,34540
A.AlBarakah,34541
Luppi,34542
Karelis,34543
F.Ohandza,34544
Hägg Johansson,34545
L.Johansson,34546
Sporkslede,34547
Servio,34548
Azogue,34549
Lundt,34550
Alborno,34551
McCullough,34552
Bakic,34553
Woon,34554
Jeong Woon,34555
B Mendes,34556
Yttergård Jenssen,34557
E. Zenteno,34558
Meleán,34559
Borja Lopez,34560
Richairo,34561
Jefferson Jr.,34562
Syhre,34563
Jo Hyeon Woo,34564
H W Jo,34565
I. Donkor,34566
Conceição Rosário,34567
Jung Bin,34568
Park Jung Bin,34569
N'Dongala,34570
Kyungwon,34571
Ji Un,34572
Kim Ji Un,34573
JiUn,34574
Seaton,34575
Gyeong Min,34576
Kim Gyeong Min,34577
GyeongMin,34578
Dabanlı,34579
Luštica,34580
Lustica,34581
Frank A.,34582
Jo Sung Joon,34583
Šimović,34584
Adolphe,34585
Teikeu,34586
Bauyrzhan,34587
Islamkhan,34588
Hojbjerg,34589
Taylor-Sinclair,34590
Deyan,34591
Aldo Rocha,34592
Øby,34593
R. Oliveira,34594
Jens Martin,34595
Stephensen,34596
Welinton Jr.,34597
Slavchev,34598
G.Cuellar,34599
A.Murillo,34600
H. Salinas,34601
S.Otalvaro,34602
Yimmi,34603
E. Perlaza,34604
N. Salazar,34605
Daniel Torres,34606
J. Arboleda,34607
MLJ. Silva,34608
Monsalvo,34609
Michael Jordan,34610
S. Martínez,34611
C. Valenzuela,34612
Dahwling,34613
Leudo,34614
Pajoy,34615
J.Pajoy,34616
Ruiz Ramos,34617
Iñiguez,34618
Cueva,34619
L. Povea,34620
Tin Rodriguez,34621
Arnaldo,34622
Vides,34623
Pereyra Díaz,34624
Wróbel,34625
Parot,34626
C. Sepúlveda,34627
A. Ramos,34628
M. Q,34629
Francisco Varela,34630
Kranevitter,34631
Míguez,34632
J. Burrai,34633
D.Perez,34634
N.Aguirre,34635
Rosero,34636
Galmarini,34637
Goñi,34638
Teto Goñi,34639
Elizari,34640
Jourdan,34641
Bruno Pirri,34642
Deyverson,34643
Brum Silva Acosta,34644
Lumanza L,34645
Rólantsson,34646
Deni Jr,34647
Aurelian,34648
Chițu,34649
Chitu,34650
Quintillà,34651
Mendieta,34652
Islamović,34653
Župarić,34654
Monetti,34655
Moiraghi,34656
Colo Gil,34657
Broun,34658
Gillekens,34659
Burón,34660
Juanpi,34661
Sorloth,34662
Menosse,34663
Wang Sh.Y.,34664
Juan Eduardo,34665
Pol Hurtado,34666
Baroja,34667
Wu X.,34668
Ebrahimi,34669
Gotal,34670
Jubal Rocha,34671
Mendes Junior,34672
Jubal,34673
A.Doukha,34674
Lolo González,34675
T. Bongonda,34676
Fidencio,34677
Servín,34678
Aranda,34679
Torales,34680
I. Benegas,34681
Bjelica,34682
El Solia,34683
Sanguinetti,34684
Alexi.G.G,34685
Dornebusch,34686
Jhoaho,34687
Calleri,34688
de Lima Araújo,34689
Simič,34690
J. Verdugo,34691
Pavelić,34692
Khaloua,34693
M. Mauro,34694
S.Cristoforo,34695
Dussaut,34696
Lei T.L.,34697
H.Traore,34698
Pedro Tanausú,34699
Domínguez Placeres,34700
Tana,34701
Orlando Rubén,34702
Wakid,34703
Hebert,34704
Mauri,34705
J.Mauri,34706
Mato Miloš,34707
Antonio Domínguez,34708
Scepovic,34709
Vidal Campins,34710
Joan Campins,34711
M. Jr Diagne,34712
Deza,34713
Cristaldo Farias,34714
Denzeil,34715
Bezjak,34716
Alegria,34717
Sofian.R,34718
Waterman,34719
Gemmer,34720
Romel,34721
Arrascaita,34722
Ramallo,34723
Sornoza,34724
Kvržić,34725
Malsa,34726
Malsa M.,34727
Pérez Acuña,34728
Gladwin,34729
A. Mosquera,34730
R.Alghamdi,34731
Kaabi,34732
Puljić,34733
Fabiano,34734
Leismann,34735
Djuka,34736
Nano Mesa,34737
Arancibia,34738
Marín Molina,34739
Antonio Marín,34740
A. Marín,34741
Rodny Cabral,34742
Carrillo Casamayor,34743
V. Moreno,34744
Shrahili,34745
Duvall,34746
Karanga,34747
P.Twumasi,34748
Liao L.SH.,34749
Song B.X.,34750
Zhang X.Zh.,34751
Piao CH.,34752
Li T.X.,34753
Murahmat,34754
Mi H.L.,34755
Luo S.W.,34756
Chen H.,34757
Gomaa,34758
Tajti,34759
Jindřich,34760
Staněk,34761
Oesterhelweg,34762
Jiang Zh.,34763
Thato,34764
Mokeke,34765
H. Zapata,34766
Gjerstrøm,34767
Fan Y.L.,34768
Jin P.X.,34769
Yang B.Y.,34770
Jin Q.,34771
Lyu P.,34772
Bai J.J.,34773
Zheng K.M.,34774
Cao Y.D.,34775
Zhou Y.,34776
Ren H.,34777
Yang X.T.,34778
Ji X.,34779
Sun K.,34780
Jiang ZH.P.,34781
Tang M.,34782
Sun SH.L.,34783
Jin T.Y.,34784
Ding H.F.,34785
Hu Y.Q.,34786
Gu CH.,34787
Shi K.,34788
Xie P.F.,34789
Luo J.,34790
Risso,34791
Normann,34792
Feng G.,34793
Zhao Y.H.,34794
Zou D.H.,34795
Zizo,34796
Fydriszewski,34797
Sang Won,34798
Kim Sang Won,34799
SangWon,34800
Du J.,34801
Bai Y.F.,34802
Chu J.ZH.,34803
Yamil,34804
Everaldo,34805
Stum,34806
Pará,34807
D. Garcia,34808
G. Cooper,34809
Mathias Hebo,34810
Hebo,34811
Jeffry,34812
Zeki Yavru,34813
Sulu,34814
Anice,34815
Badri,34816
A.Badri,34817
Li Y.Y.,34818
Bendjaloud,34819
Devarn,34820
D.Barbosa,34821
Feital da Silva,34822
Henrique Francisco,34823
Nuha Marong,34824
S. Rochet,34825
Corujo,34826
Frascarelli,34827
Alaníz,34828
O. Salinas,34829
Walongwa,34830
Babić,34831
Manu Garcia,34832
Godswill,34833
Chen ZH.ZH.,34834
Li Y.Q.,34835
D. Querol P,34836
Fassi,34837
Strezos,34838
I. Calero,34839
Stefanelli,34840
Ba D.,34841
He CH.,34842
Ersoy,34843
G. Gutiérrez,34844
Cmiljanić,34845
Lazcano,34846
Zhao H.L.,34847
Gao J.R.,34848
Gan Ch.,34849
Yan J.L.,34850
Zhang W.,34851
Wang SH.CH.,34852
Cai H.K.,34853
Lü Wenjun,34854
Lyu W.J.,34855
Li H.W.,34856
Li SH.L.,34857
Lin CH.Y.,34858
Sun L.,34859
Fu H.,34860
Yang SH.Y.,34861
He G.,34862
Li L.,34863
Tang J.Sh.,34864
Qiao W.,34865
Jianan,34866
Wang Jianan,34867
Zhong J.B.,34868
Bi J.H.,34869
Wen Zh.X.,34870
Zhang X.B.,34871
Li A.,34872
Wang J.,34873
Ye CH.Q.,34874
Ge ZH.,34875
Wu Y.ZH.,34876
Taylan,34877
Antalyalı,34878
Emircan,34879
Murilo Henrique,34880
Pereira Rocha,34881
F.Dagerstål,34882
Royón,34883
Brandur,34884
Hendriksson Olsen,34885
Hendriksson,34886
Vidales,34887
Radoja,34888
Álvez,34889
Buenacasa,34890
Carlos Castro,34891
A.Jamal,34892
Soltvedt,34893
J. Duque,34894
Budescu,34895
Enache,34896
Charsley,34897
Tagueu,34898
J. Tagueu,34899
Hernani Jr,34900
Astemir,34901
Gordyushenko,34902
Felisbino Oliveira,34903
Oyarzo,34904
Piedra,34905
Cangá,34906
Luis Fernando,34907
Pineida,34908
A. Tuhami,34909
Josimar,34910
Atoche,34911
Abduwali,34912
Jin Y.Y.,34913
Yanfeng,34914
Dong Yanfeng,34915
C.Yambere,34916
Édgar,34917
Guo H.,34918
Braulio,34919
Uraezaña,34920
Sui W.J.,34921
Lyu H.D.,34922
Wu Q.,34923
Wang W.Ch.,34924
Peng R.,34925
Feng Jin,34926
Feng J.,34927
Casado Conde,34928
Samu Casado,34929
Ye CH.G.,34930
Covea,34931
M. Covea,34932
R. Garcia,34933
Namli,34934
Figueredo,34935
Ikaunieks,34936
Oliveira Valente,34937
Ricardo Valente,34938
Amoroso,34939
Lanzillotta,34940
Podence,34941
Layneker,34942
Zafra,34943
Wang G.M.,34944
Jiang J.H.,34945
Çapar,34946
E.Nielsen,34947
Erlandsson,34948
Devers,34949
Brock,34950
Breslin,34951
Mazek,34952
Dmitrovic,34953
W. Mosquera,34954
F.Altamirano,34955
B.Romero,34956
R. Arias,34957
A.Andersson,34958
F. Alvarez,34959
Dugandžić,34960
Joy-Lance,34961
D. Arboleda,34962
Joackim,34963
Calzada,34964
Tesfaldet,34965
Tekie,34966
Juel-Nielsen,34967
Roli,34968
Pereira de Sa,34969
McCart,34970
Imed,34971
Louati,34972
Hwang In beom,34973
Chi ZH.G.,34974
Zhang W.T.,34975
Du Ch.J.,34976
Wang Q.M.,34977
Cotugno,34978
Thapelo,34979
Morena,34980
Librado,34981
Azcona,34982
L. Azcona,34983
De John,34984
Kevin Son,34985
Ofkir,34986
EonHak,34987
Reine-Adelaïde,34988
Oliveira Geraldes,34989
A.Qaisi,34990
Renae,34991
R. Cuellar,34992
W. Fariñez,34993
Gelmin,34994
Peñarrieta,34995
Ballivián,34996
Ballivian,34997
Rosenqvist,34998
Tirpan,34999
R. Herrera,35000
Aminu,35001
Umar,35002
Bossin,35003
O. Vaca,35004
Gipson,35005
El Jebli,35006
Colula,35007
Bastião Dias,35008
C. Martínez,35009
João José,35010
Pereira da Costa,35011
Costinha,35012
Meléndez,35013
Frezzotti,35014
F.Carvalho,35015
G. Pereiro,35016
Dájome,35017
Valenčič,35018
Valencic,35019
Jorge Marco,35020
de Oliveira Moraes,35021
Patching,35022
Antonitsch,35023
Gularte,35024
Nando García,35025
Nsimba,35026
Ait Bennasser,35027
Luiz Santiago,35028
Sacramento Cruz,35029
Sacramentinho,35030
Barni Barros,35031
Marlon Barninho,35032
Adriano Well.,35033
Bastos Oliveira,35034
Adrizinho Bastos,35035
Mantela Patrício,35036
Lucas Mantela,35037
Changas Tramontino,35038
Túlio Changas,35039
Enzo Wellington,35040
Marteiro Santoso,35041
Enzo Marteiro,35042
Alexandre Jonas,35043
Alexio Sanctos,35044
Héniton Enaldo,35045
Pires Tramontino,35046
Héniton Pires,35047
Wellingt. Edson,35048
Sabrão Rolim,35049
Wellington Sabrão,35050
Lúcio Anselmo,35051
Corteijo Salazar,35052
Lúcio Corteijo,35053
Vanderlei Tiago,35054
Cõembra Laforte,35055
Vanderlei Cõembra,35056
Kaíqundo,35057
Calado Dimas,35058
Kaíqundo Calado,35059
Adnan Claudiano,35060
Vidual Machado,35061
Adnan Vidual,35062
Candeira Inácio,35063
Estevão Candeira,35064
Charles Dênis,35065
de Breito Catarino,35066
Charles de Breito,35067
Ramón Samuel,35068
da Almeyda Aníbal,35069
Ramón da Almeyda,35070
Enzo Leandro,35071
Chissano Baia,35072
Enzo Chissano,35073
Calegario Pitta,35074
Lúcio Calegario,35075
Leôncio Roger,35076
Vimieiro Madeira,35077
Leo Vimieiro,35078
Carvalheira Peixoto,35079
Douglas Carvalheira,35080
Caio Welson,35081
Chissano Dourado,35082
Caio Chissano,35083
Antonaldo Luiz,35084
Vaz Stein,35085
Antonaldo Vaz,35086
Adryan Juliano,35087
Zonta Torres,35088
Adryan Zonta,35089
Guto Ramón,35090
Milazar Coimbra,35091
Guto Milazar,35092
João Everton,35093
Barnierie Cabral,35094
João Barnierie,35095
Costinho Ribeiro,35096
Guto Costinho,35097
Germán Paulo,35098
da Silveira,35099
Germán da Silvieira,35100
Vincente Filho,35101
Dourado Hermes,35102
Vincente Dourado,35103
Cristian Also,35104
Laranjeiro Sá,35105
Cris Laranjeiros,35106
Adriano Davi,35107
Junqueiras Duarte,35108
Adriano Junqueiras,35109
Emanuel Breno,35110
Teixeira Rocha,35111
Emu Teixeira,35112
Abranjes Meneses,35113
Tony Abranjes,35114
Teixe Gaúcho,35115
Leandro Fabiano,35116
Pestanha Días,35117
Leandro Pestanha,35118
Lino Francisco,35119
Essier Simão,35120
Lino Essier,35121
Damesio Figueiras,35122
Gérson Damesio,35123
Laranjo Coelho,35124
Wagner Laranjo,35125
Fachini Lobato,35126
Danisco Fachini,35127
Eduardo Estevão,35128
Selneira Moura,35129
Edu Selneira,35130
Raullino Daniel,35131
Meneses Vila,35132
Raullino Meneses,35133
Meireles Correia,35134
Jadsinho Mei,35135
Vuarte Ruiz,35136
Rodrigo Vuarte,35137
Silas Antonaldo,35138
Taffarel Araújo,35139
Silaldo Taffarel,35140
Gerster Magela,35141
João Gerster,35142
Rubens Jairo,35143
Freitosa Costa,35144
Rubens Freitosa,35145
Paulo Fred,35146
Mesqueira Serpa,35147
Paulo Mesqueira,35148
S. Jefferson,35149
Espinho Sobri,35150
Sérgio Espinho,35151
Durval Murilo,35152
Dutría Pereira,35153
Durval Dutría,35154
Nicolás Evandro,35155
Filheiro Stein,35156
Nicolás Filhei,35157
Deiverson Breno,35158
Kaio de Freitas,35159
Deiverson Kaio,35160
Bruno Luiz,35161
Fagundeiro Cardenas,35162
Bruno Fagundeiro,35163
Sanaldo Dilson,35164
Caiado Dutra,35165
Sanaldo Caiado,35166
Nuno Ailton,35167
Padrenda Mendes,35168
Nuno Padrenda,35169
Alberto Marcelo,35170
Dutra Cirino,35171
Albertinho Dutra,35172
Denaldo Jonaldo,35173
Carneiro Rios,35174
Denaldo Carneiro,35175
Weilson Emílio,35176
Leal Cintra,35177
Weilson Leal,35178
Melo Fagundes,35179
Michildo Melo,35180
Murilo Kauê,35181
Cadete Teixeira,35182
Muo Cadete,35183
G. Pierre,35184
Paiva Souza,35185
Guilson Paiva,35186
Mestres Silveira,35187
Natinho Mestres,35188
Breno Ronaldo,35189
Duarte Catarino,35190
Brenito Duarte,35191
Igor Paolo,35192
Madinha Eustáquio,35193
Igor Madinha,35194
Pedro Márcio,35195
Sousenha Botelho,35196
Pedro Sousenha,35197
Murilo Kaíque,35198
Sanches Cardoso,35199
Murilo Sancha,35200
Arturo Adolfo,35201
Inálcio Dutra,35202
Arturo Inálcio,35203
Petri Taffarel,35204
Elildo Petri,35205
Nazario Kaio,35206
Rios Baumer,35207
Nazarinho Rios,35208
Marvin Oswaldo,35209
Rangel Azevedo,35210
Oswaldinato,35211
Dago Filipe,35212
Esteiro Cortejo,35213
Dagoberto Esteiro,35214
Fred Claudinei,35215
Tófoli Vilela,35216
Fredditinho,35217
Bardeira Cunha,35218
Matheus Bardeira,35219
Neto Heck,35220
Edardynho Neto,35221
Rodolfo Dilson,35222
Pitta Fonseca,35223
Rodolfo Pittaça,35224
Diego Hugo,35225
Ramos Calado,35226
Diegildo Ramos,35227
Luis Claudinei,35228
Peixoto Álvares,35229
Dinei Peixo,35230
Lobeiro Cunha,35231
Leôncio Lobeiro,35232
Jackson João,35233
Crusso Mutto,35234
Jackson Crusso,35235
Claudiano Igor,35236
Paes Neto,35237
Claudiosa Paes,35238
Prazeres Conradi,35239
Prazeracinho,35240
Thiago Marcos,35241
Thio Rolim,35242
A.Zain,35243
van Looy,35244
Crysan,35245
Queiroz Barcelos,35246
Carlos Eugenio,35247
Tavares dos Santos,35248
Júnior Tavares,35249
Mbulu,35250
Kempter,35251
Takayuki,35252
Seto,35253
Onyekachi Hope,35254
Ugwuadu,35255
Kachi,35256
Madkhali,35257
M-Madkhli,35258
A.Malki,35259
R.Sanches,35260
Hellum,35261
Julian Faye,35262
Alvaro Traver,35263
Akan,35264
A. Peña,35265
Reitan,35266
Etxebarría Martín,35267
Unai Etxebarría,35268
Etxebarría,35269
Illanes,35270
Thiago Santos,35271
Cedric Diomandè,35272
Gondo,35273
Kiš,35274
Faïz,35275
Selemani,35276
Fabrice-Jean,35277
Fafà Picault,35278
Jaime Stabile,35279
Marinovic,35280
K.AlBarakah,35281
Arimany Sala,35282
Joel Arimany,35283
E. Saavedra,35284
Amo Torres,35285
José Amo,35286
Amo,35287
Kabangu,35288
Kakeeto,35289
Y.Urra,35290
Mbo,35291
D. Goncalves,35292
Omoh,35293
Erwin Junior,35294
Uskok,35295
J.Ontiveros,35296
Castro Pérez,35297
Aritz Castro,35298
Aritz C.,35299
A. Ivan,35300
A. Fallatah,35301
A.Tejero,35302
Stajduhar,35303
McGlade,35304
Chan Hee,35305
Han Chan Hee,35306
ChanHee,35307
Se Hun,35308
Oh Se Hun,35309
SeHun,35310
Luiz Humberto,35311
Da Silva Silva,35312
Beto da Silva,35313
B.Da Silva,35314
Chi W.Y.,35315
Esequiel,35316
Toni Lato,35317
Sparrow,35318
Cure,35319
Joaquín F.,35320
Chacana,35321
Y.Niakate,35322
Miya,35323
Long CH.,35324
Lu Y.,35325
Malagón Rubio,35326
Josete,35327
J. Malagón,35328
M.Misfeer,35329
Lugo,35330
Dening,35331
Vítor Costa,35332
Argachá,35333
Koyamatsu,35334
Piriz,35335
Masuda,35336
Chajima,35337
Cobos,35338
Kajikawa,35339
Marcos Hernán,35340
Shuaibu Lalle,35341
Formiliano,35342
Ichimaru,35343
M.Arambarri,35344
Juan Bautista,35345
Cascini,35346
Sappa D.,35347
Okui,35348
Iikura,35349
Yanagi,35350
Tae Hyun,35351
Ahn Tae Hyun,35352
TaeHyun,35353
Chen Z.C.,35354
M. Ali,35355
OS,35356
Akimi,35357
Barada,35358
Han X.,35359
J. Grant,35360
Blengio,35361
Lebus,35362
Gui H.,35363
S. Jiménez,35364
Ezatolahi,35365
In Jae,35366
Hwang In Jae,35367
InJae,35368
Ožegović,35369
Zhengyu,35370
Huang ZH.Y.,35371
Maranda,35372
Mehnert,35373
Zhao Y.J.,35374
Olsen Pettersen,35375
Pettersen,35376
Faría,35377
Algarañaz,35378
Sofien,35379
Stanese,35380
J.Lindgren,35381
Jin B.,35382
Messidoro,35383
Jhohan,35384
Romaña,35385
Millán,35386
E. Kouassi,35387
Wang F.,35388
J. Taylor,35389
Jr. Morais,35390
Chiappero,35391
Gao H.Z.,35392
Chicote,35393
Sami.K,35394
José Martínez,35395
Castro M.,35396
Ionuț Andrei,35397
L.Fernandes,35398
Araruna Hoffmann,35399
Araruna,35400
B. Paz,35401
Robby,35402
Gwang Hoon,35403
Chae,35404
Chae Gwang Hoon,35405
GwangHoon,35406
Lingman,35407
Dong Hyuk,35408
Im Dong Hyuk,35409
DongHyuk,35410
A. Lopez,35411
Lourency R.,35412
Janelly,35413
Medeiros da Silva,35414
Fernando Medeiros,35415
Queiros,35416
J. Quiñones,35417
J. Leiva,35418
Zé Didier,35419
J H Song,35420
R. Folch,35421
Vukcevic,35422
Guilherme A.,35423
Vieira dos Santos,35424
Piñatares,35425
Rossetto,35426
Matheus Rossetto,35427
S.Owusu,35428
Edvinas,35429
Girdvainis,35430
Duvan,35431
Salaberry,35432
Terans,35433
Stojković,35434
Stojkovic,35435
Omar Abdulaziz,35436
Al Sunain,35437
O.Alsunain,35438
H.Jamal,35439
Marchegiani,35440
Y.En-Nesyri,35441
Candia,35442
I. Torres,35443
B. Ramírez,35444
Álvaro J.G.,35445
van Rooijen,35446
Dogucan,35447
Haspolat,35448
Homer,35449
M Dominguez,35450
Soñora J.,35451
Thomas-Asante,35452
Milesi,35453
da Silva Izidoro,35454
Lucas Mineiro,35455
Carando,35456
Krusnell,35457
S . Marwane,35458
Teodoro,35459
Gorga,35460
Fran Beltran,35461
Al-Nashi,35462
Cristian G.,35463
Cárdenas Líndez,35464
Nildo Enaldo,35465
Reisão Dinis,35466
Nildo Reisão,35467
Huanca,35468
Viscarra,35469
Aimar,35470
Esterilla,35471
Orejuela,35472
Mascia,35473
Pol Valentín,35474
Pol V.,35475
Ndicka,35476
D. Lasure,35477
Medeiros Sasse,35478
Yan Sasse,35479
Morsay,35480
Claude-Maurice,35481
Arase,35482
Ahmedhodžić,35483
S. Cáseres,35484
Jan-Ole,35485
Sievers,35486
Guruceaga,35487
Chorbadzhiyski,35488
Holzer,35489
Halldor,35490
Stenevik,35491
Vagić,35492
I. Tapia,35493
A.AlNaji,35494
Zoch,35495
Skomsøy Bjerkås,35496
Kike Pérez,35497
ten Hove,35498
Y.Zaydou,35499
Leite,35500
B. Wilson,35501
Abrigo,35502
Béla,35503
J. Ortiz,35504
C.Salvador,35505
R. Pasquel,35506
Hyeonwook,35507
Cagnon,35508
M. Wague,35509
Reeco,35510
Hackett-Fairchild,35511
DePuy,35512
McGuire,35513
Omar K.,35514
Nicke,35515
Kabamba,35516
L.Agbenyenu,35517
Leguizamon,35518
Sampsted,35519
F. Maximiniano,35520
L. Fernando,35521
Páez,35522
Pașcanu,35523
E. Orona,35524
Santi Bueno,35525
Tabinas,35526
Take,35527
E.S. Keigo,35528
Gribbin,35529
Dearnley,35530
K.Abdullah,35531
Velanas,35532
Fernandes Siqueira,35533
Matheus Fernandes,35534
Matheus F.,35535
Joon Soo,35536
Ahn Joon Soo,35537
Meite,35538
Koide,35539
Yoon Jong Gyu,35540
Sulejman,35541
Krpić,35542
Vinderslev,35543
Ammar.A,35544
Joon Hyeong,35545
Kim Joon Hyeong,35546
JoonHyeong,35547
Zhu J.R.,35548
Li P.,35549
Wang W.,35550
Jiang T.,35551
Văn Hâu,35552
Đoàn,35553
Đoàn Văn Hâu,35554
Van Hau,35555
Yong Ho,35556
Yun Yong Ho,35557
YongHo,35558
Fernando Manuel,35559
Ferreira Fonseca,35560
Fernando Fonseca,35561
H. Alshamrani,35562
Rahn,35563
Al Jamaan,35564
Belhadji,35565
Kunz,35566
Crona,35567
Warming,35568
J. Altamirano,35569
Conrado,35570
Buchanelli Holz,35571
J. Córdova,35572
Juan Matheus,35573
Alano Nascimento,35574
Juan Alano,35575
Minor Petersen,35576
Erik-Johannes,35577
Morer Cabrera,35578
Dani Morer,35579
Eckert Ayensa,35580
Ayensa,35581
T.Hadebe,35582
J. Mboula,35583
José Alberto,35584
S.Beyaz,35585
A.Damlu,35586
Nikolaj,35587
Löhmannsröben,35588
Liu R.F.,35589
O. Bertel,35590
Lima Cariús,35591
J. Angulo,35592
Rúben Santos,35593
Gato Alves Dias,35594
Chano,35595
Chen ZH.,35596
Pereira Da Silva,35597
Murcia,35598
da Silva Fonseca,35599
Bruno Silva,35600
Skov Olsen,35601
Epifanio,35602
Michalak,35603
J.Arias,35604
Jordao,35605
Claudio Medina,35606
C. Medina,35607
Nacho Mendez,35608
Contrera,35609
Gotti,35610
Ahmed.B,35611
Gnahoua,35612
Wen J.B.,35613
Enoch,35614
W.Tchantcho,35615
Almajhad,35616
M. Naji,35617
Arhin,35618
Muhannad.F,35619
Guo Q.B.,35620
D.Tchamba,35621
Amarilla,35622
Cetin,35623
Manolito,35624
Bayazit,35625
Majarashi,35626
Rodi,35627
Villasanti,35628
Li CH.L.,35629
Junior Messias,35630
Messias Jr.,35631
M. Estrada,35632
Jno-Baptiste,35633
Garcia JM.,35634
M.AlShahrani,35635
Carballo,35636
F. Carballo,35637
Aylagas,35638
J.Brown,35639
Carabajal M.,35640
R. Amaral,35641
Gonzalo Pereira,35642
G. Pereira,35643
L. Justiniano,35644
Colina,35645
J. Colina,35646
F. Manzanara,35647
Belaïli,35648
Y.Belaili,35649
Yamauchi,35650
Moruțan,35651
Morutan,35652
Wang M.,35653
Li F.,35654
Yuan M.Ch.,35655
Xiang B.X.,35656
Zhang G.,35657
Ma J.L.,35658
Chen W.M.,35659
Zhao K.,35660
Jiang W.J.,35661
Liu H.,35662
Ke Zh.,35663
Hu J.H.,35664
Yuan Sh.,35665
Chen W.,35666
Wei ZH.,35667
Liu Y.M.,35668
Yan Z.H.,35669
Su Y.J.,35670
Qiu T.Y.,35671
Tian Y.N.,35672
Ordoñez,35673
Gao T.Y.,35674
Hamblin,35675
Ferran,35676
A. Centelles,35677
Xu T.Y.,35678
Lei W.J.,35679
Chen B.B.,35680
J.Kounde,35681
Yang W.Sh.,35682
Huang Z.CH.,35683
Qian Y.M.,35684
Worman,35685
R. Leão,35686
Y. A. Bárcenas,35687
S.Bguir,35688
J. El Yamiq,35689
M.Awaad,35690
A. Blondell,35691
De Mey,35692
Dong H.L.,35693
Kim Jae Woo,35694
Ghreeb,35695
Al Shanqeeti,35696
M.Shanqiti,35697
Mantilla,35698
McVey,35699
Kouan Oulai,35700
F. Al Reshidi,35701
Wang Z.M.,35702
Chenihi,35703
Graví,35704
Aladesanmi,35705
Emad Andejani,35706
Yao J.SH.,35707
De Jesús,35708
Hirakawa,35709
J. Caballero,35710
Hirokazu,35711
Kushibiki,35712
Kristófer,35713
Odin Luraas,35714
Bjørtuft,35715
H. Camara,35716
Abarzúa,35717
Liu G.B.,35718
Trouillet,35719
Dragoş,35720
Ji Hyeok,35721
Yun Ji Hyeok,35722
JiHyeok,35723
A.Saddiq,35724
Liu L.,35725
Zhang L.F.,35726
Yang F.,35727
Ma X.Y.,35728
Luo H.,35729
F. Pereyra,35730
Duke-McKenna,35731
Ibacache,35732
R. Camacho,35733
Mao H.Y.,35734
Ding B.W.,35735
Teng Sh.K.,35736
Yang G.Y.,35737
Haimiti,35738
Zhang J.Y.,35739
Qi Y.X.,35740
Yin C.Y.,35741
Liu B.,35742
Li SH.,35743
Cui L.,35744
Sun Q.B.,35745
Xie W.J.,35746
Scally,35747
García Sossa,35748
J. García,35749
R.Berişbek,35750
Tobe,35751
Leysen,35752
M. Fuentes,35753
Musovski,35754
Martínez Andrés,35755
Pablo Martínez,35756
P. Martínez,35757
Mitchell-Nelson,35758
L.Klitten,35759
Vallier,35760
O.Klitten,35761
Poveda,35762
Pozo La Rosa,35763
Iker Pozo,35764
Miguel Rubio,35765
Stroud,35766
Díaz Espósito,35767
Rodolfo Amaral,35768
Rodolfo Cardoso,35769
Hellborg,35770
Ayéva,35771
J. David,35772
Omran,35773
Haydary,35774
Spahić,35775
Memija,35776
Soo Il,35777
Park Soo Il,35778
SooIl,35779
Caicedo Verdú,35780
Gonzalo V.,35781
Mostafa,35782
A. Mostafe,35783
Samu Manchón,35784
Øyvann,35785
Batista,35786
B.Mendy,35787
Mráz,35788
Jephcott,35789
Fiolić,35790
Maximiano,35791
G.Villar,35792
Culebra,35793
Jens-Lys,35794
Massoudi,35795
Kaïboué,35796
Baiye,35797
Ormeño,35798
Abdul-Halik,35799
Hudu,35800
Osaze,35801
Urhoghide,35802
O. Sancet,35803
Ben Lamin,35804
Mouandilmadji,35805
Dia N'Diaye,35806
Nazariy,35807
Rusyn,35808
Diabyfadiga,35809
Masciangelo,35810
Bucha,35811
Alvir,35812
Jung Min,35813
Kim Jung Min,35814
M. Salisu,35815
Rubio Haro,35816
Javi Rubio,35817
José Alfonso,35818
A. Alvarado,35819
Shao SH.,35820
Hungbo,35821
E. Garcia,35822
Jiang SH.L.,35823
Zhu CH.J.,35824
Yasufumi,35825
Alfio,35826
C. Trejo,35827
Uldriķis,35828
Steffan,35829
J.P. Vargas,35830
Paradela,35831
F.Sousa,35832
J. Rivas,35833
Mavrommatis,35834
Núñez Martín,35835
Chema Núñez,35836
H. Ismail,35837
Miralles Sanz,35838
Ximo Miralles,35839
X. Miralles,35840
Norville-Williams,35841
Víctor G.,35842
Rutter,35843
Nutz,35844
Santos da Silva,35845
R. Enri,35846
H.Tambakti,35847
Seaden,35848
Tsvetkov,35849
Skotadis,35850
Tilio,35851
Del Pino Mago,35852
Promise,35853
Omochere,35854
Sergio Glez.,35855
Mendonça Cabral,35856
Arthur Cabral,35857
A. Cabral,35858
E. López,35859
S.Ramírez,35860
Ćatić,35861
Zea,35862
Mounaïm,35863
Jin Woo,35864
Jo Jin Woo,35865
Le Fee,35866
Nalić,35867
Beder,35868
Cifuente,35869
Kindberg,35870
Vlahović,35871
Destan,35872
Bajselmani,35873
Girotti,35874
Óskar,35875
M. Popescu,35876
Diakite,35877
A.Vallés,35878
Andrevaldo,35879
Valdo,35880
Skipper,35881
Ake Loba,35882
Sejdič,35883
Il Gyu,35884
Park Il Gyu,35885
M. Aguado,35886
Odin Thiago,35887
González. F,35888
Jaume Grau,35889
Wilmer,35890
Azofeifa,35891
Ismaila,35892
Akouokou,35893
Wei J.,35894
Wang W.L.,35895
Zu P.CH.,35896
Vetle,35897
S. Juma,35898
Enzo Jeremías,35899
Bernabei,35900
Scriven,35901
Braken,35902
A. Espino,35903
Taisei,35904
Miyashiro,35905
Hotić,35906
J.Brumado,35907
Song ZH.W.,35908
Nie A.SH.,35909
Mbayo,35910
Wu SH.C.,35911
Ostrák,35912
J. Pérez,35913
B. Palmezano,35914
McNally,35915
Daragh,35916
Álex Sola,35917
A. Sola,35918
G. Avila,35919
Güclü,35920
El Ablak,35921
Zady Caleb,35922
Li J.Q.,35923
Guo W.,35924
Yair,35925
Costa da Rosa,35926
Bernardo Rosa,35927
Ngakia,35928
Gue Sung,35929
Cho Gue Sung,35930
Glennon,35931
Stensness,35932
Zhang J.Z.,35933
Jaime Seoane,35934
Konté,35935
Thierry R.,35936
Ribeiro Vieira,35937
Guimarães Moura,35938
Bruno Guimarães,35939
Bruno G.,35940
Yow,35941
Klimavičius,35942
Aleksandru,35943
Longher,35944
Tudorie,35945
Dobrosavlevici,35946
Loránd,35947
Grădinaru,35948
Roberto Carlos,35949
Opsahl,35950
J. Gomez,35951
Murat Cem,35952
M. C. Akpınar,35953
Dagur Dan,35954
Þór­halls­son,35955
Thorhallsson,35956
Al Hajouj,35957
Đira,35958
Zhou B.ZH.,35959
Camavinga,35960
A.AlShahrani,35961
Samnik,35962
Tao Q.L.,35963
Nițu,35964
Nitu,35965
JoonSuk,35966
SooBin,35967
Zagré,35968
Grubač,35969
Chen F.J.,35970
Bao Y.X.,35971
Teagan,35972
Micah,35973
Barcola,35974
Uilton,35975
H.Altıntaş,35976
Oğuz Yılmaz,35977
Asım,35978
C. Rolon,35979
Hernesto,35980
H. Caballero,35981
H.Fernandez,35982
Manu Kone,35983
Araújo Morais,35984
Bruno Morais,35985
Hamde,35986
David Mahjob,35987
Wallentinsson,35988
Chicaiza,35989
Pathé,35990
Pathé Ciss,35991
Enzo Lombardo,35992
Minduk,35993
Ontužāns,35994
Piao T.Y.,35995
Wang Zh.H.,35996
A. Ugarte,35997
C.Dinu,35998
D.Dumitrascu,35999
V.Rata,36000
D.Novac,36001
L.Mihai,36002
Andreas Mircea,36003
Feng B.Y.,36004
Pereyra F.,36005
Zamponi R.,36006
Hwang Tae Hyun,36007
Taehyun,36008
Choi Jun,36009
Raux-Yao,36010
Ousoumane,36011
K.Barnawi,36012
A.Mhamdi,36013
Thibo,36014
Somers,36015
Audun,36016
Engen Vik,36017
Pepi,36018
A. Grandi,36019
Parisi L.,36020
dos Santos R.,36021
Eric Ramires,36022
E. Ramires,36023
Soumare,36024
Álex Bermejo,36025
Ake,36026
R. Zalazar,36027
Kény,36028
Javi Fdez.,36029
Danu,36030
Kinsella-Bishop,36031
Valente Santos,36032
N. Santos,36033
Henrique G.,36034
Ignace,36035
Van der Brempt,36036
De Ketelaere,36037
Agho,36038
De Cuyper,36039
M. Akpınar,36040
Guille Amor,36041
Ali Mohamed,36042
Alnaji,36043
Zaidu M.,36044
Meschack,36045
Martinelli,36046
Ye L.J.,36047
Gigović,36048
Alberto Langa,36049
Bruno Langa,36050
Hejaili,36051
Guerra Pires,36052
K.AlKhathlan,36053
Živko,36054
A. Castillo,36055
Ranđelović,36056
Ufuk Akyol,36057
Jurriën,36058
Timber,36059
Adan,36060
Mads Fagerli,36061
Elias Hoff,36062
Melkersen,36063
Tolkin,36064
J. Zapata,36065
González López,36066
Pedri,36067
Berto,36068
Baiaram,36069
S.AlAbbas,36070
Pape Ndiaga,36071
Yade,36072
Marrufo,36073
Anthonys,36074
Saab,36075
Argenis,36076
Daníel,36077
Marouan,36078
Azarkan,36079
Crysencio,36080
Summerville,36081
Y. Gonzalez,36082
Marchi L.,36083
Daylam,36084
Meddah,36085
Aster,36086
Vranckx,36087
T. Esteves,36088
Junqueira de Jesus,36089
Picco L.,36090
Valderrey,36091
Rubilio C.,36092
D.Segbe,36093
Araque,36094
D. Fernández,36095
Filipe S.,36096
Stawiarz,36097
Thabiso,36098
Catejo,36099
Simao B.,36100
R. Rodrigues,36101
M. Sánchez,36102
Byeong Wook,36103
Lee Byeong Wook,36104
Byeongwook,36105
Bapaga,36106
M.Aldosari,36107
Hurst,36108
A.Atouchi,36109
D. Ronaldo,36110
Stambo,36111
Pieńczak,36112
Bieszczad,36113
Turski,36114
Rodríguez Vejar,36115
M.Alsahli,36116
Aliou Cisse,36117
Tzolakis,36118
Đerlek,36119
Carrigan,36120
Çağtay,36121
Kurukalıp,36122
Terzić,36123
Šabanadžović,36124
SangHyuk,36125
Bilogrević,36126
Courtney-Perkins,36127
M. Yamamoto,36128
H.İbrahim,36129
Sault,36130
Honohan,36131
Beineón,36132
O'Brien-Whitmarsh,36133
McKinley,36134
Devoy,36135
Lido,36136
Lotefa,36137
Torfeldt,36138
Akinsete,36139
Bąkowski,36140
B. Moreno,36141
Harwood-Bellis,36142
Bernabé García,36143
Adrián Bernabé,36144
Bernabé,36145
Nico Melamed,36146
Nico M.R.,36147
Bucci,36148
Al Oyouni,36149
Ngonda,36150
G Ngonda,36151
Loue,36152
Bayere Junior,36153
Ma. Langer,36154
Sánchez Navarro,36155
Antonio Sánchez,36156
A. Sánchez,36157
Postema,36158
Resta Tell,36159
Pau Resta,36160
Castillo Grau,36161
Luis Castillo,36162
Moreno Meca,36163
César Moreno,36164
Ramón del Valle,36165
Kayan,36166
Ege,36167
Özkayımoğlu,36168
Seth Airam,36169
Vega Ramírez,36170
Montiel Rodríguez,36171
Tòfol Montiel,36172
Games,36173
Pinna,36174
Nuno Henrique,36175
Pina Nunes,36176
Pina,36177
Sainz Eguskiza,36178
Borja Sainz,36179
Casas Casado,36180
Ismael Casas,36181
Casas,36182
Ivanušec,36183
Sánchez Mallo,36184
David Sánchez,36185
David S.,36186
Flips,36187
Gboho,36188
Y.Gboho,36189
Borrelli,36190
Enríquez Rodríguez,36191
Silva Vieira,36192
Timmers,36193
Jacquet,36194
Zappa,36195
Novi,36196
Reno,36197
B.Traore,36198
Galileo,36199
Linárez,36200
Labrador,36201
Mukumbilwa,36202
Karpov,36203
Arace,36204
Giani,36205
Zagaritis,36206
A.AlSalem,36207
Raspadori,36208
Anssumane,36209
Fati,36210
Ansu Fati,36211
Chacon,36212
Al Quraish,36213
Boahene,36214
De Armas,36215
Stanger,36216
Plechero,36217
F. Perez,36218
Varotto,36219
Di'Shon,36220
Mbuku,36221
Mory,36222
Jean Lambert,36223
Evan's Allan,36224
Yorwin,36225
Valero,36226
González Crespo,36227
Gonzi,36228
Quinten,36229
van den Heerik,36230
Luz,36231
Jorge Miguel,36232
Soares Vieira,36233
Jorge Vieira,36234
Kabore,36235
Mario-Jason,36236
Kikonda,36237
Hackney,36238
Tsadjout,36239
D. Nuñez,36240
Okumu,36241
Godson,36242
Kyeremeh,36243
Onea,36244
Cottam,36245
Panayotov,36246
Sagir,36247
Raymundo,36248
Fulgencio,36249
Błyszko,36250
Aouchiche,36251
Ísak Óli,36252
Ólafsson,36253
Mendes Alves,36254
Tivonge,36255
Rushesha,36256
Jarni,36257
Koorman,36258
Muhammed-Cham,36259
Saracevic,36260
Fernández Santiago,36261
Juan Fernández,36262
Velimirovic,36263
Ben Lhassine,36264
Fernandes da Cunha,36265
Leandro Fernandes,36266
Guarneri,36267
Rubio Serna,36268
Alberto Rubio,36269
A. Rubio,36270
Florentín,36271
Michailidis,36272
Tsiggaras,36273
Freites,36274
Cijntje,36275
Gogoua,36276
Trummer,36277
Benkhemassa,36278
Frimpong,36279
Mike Trésor,36280
M.Trésor,36281
Erlien,36282
van Hattum,36283
Hustad,36284
Gonçalves Pereira,36285
Hichem,36286
Boudaoui,36287
Nicolussi Caviglia,36288
R. Araujo,36289
Sarıkaya,36290
Félix Alexandre,36291
A. Sanches Correia,36292
Félix Correia,36293
Oppermann,36294
Saundry,36295
Fabbro,36296
Yaisien,36297
Omar. Y,36298
Mzaouiyani,36299
Aiyegun,36300
Haithem,36301
Loucif,36302
Clech,36303
Loufilou,36304
Morabet,36305
Silva Encada,36306
Jefferson Encada,36307
Plazonja,36308
Canino,36309
Gonçalves Silva,36310
Reko,36311
Navarro Hervás,36312
Fer Navarro,36313
Crettaz,36314
Kyriakopoulos,36315
Amador,36316
Zarco Jiménez,36317
Zarco,36318
Mike Jeffrey,36319
Cordero Velez,36320
Mike Cordero,36321
Rodríguez Giménez,36322
Adrián Rodríguez,36323
Eli,36324
Dasa,36325
Novick,36326
Machuca,36327
Cougo,36328
Canale,36329
Bogarín,36330
Redes,36331
Lentinelly,36332
Rosso,36333
Trindade,36334
Abascal,36335
Canobbio,36336
Pellistri,36337
Busquets,36338
Zunino,36339
M. Zunino,36340
G. Neves,36341
G. Corujo,36342
G. Centurion,36343
T. Vecin,36344
B. Ocampo,36345
Trasante,36346
J. Trasante,36347
M. Laborda,36348
Trinidad,36349
Alvez,36350
Henriques Coelho,36351
Leo Coelho,36352
Manchot,36353
A. Manchot,36354
Corozo,36355
M. Corozo,36356
Janner,36357
J. Corozo,36358
C. Arboleda,36359
Efrén,36360
Pinos,36361
Landázuri,36362
Cabeza,36363
Yuber,36364
Galíndez,36365
Carcelén,36366
Oña,36367
Cortéz,36368
Minas,36369
Chalkiadakis,36370
Voelkerling Persson,36371
Schlitter,36372
St. Jago,36373
Tomás Aresta,36374
Machado Ribeiro,36375
Tomás Ribeiro,36376
Tomás R.,36377
Eleev,36378
Kusini,36379
Yengi,36380
Viñas,36381
F.Viñas,36382
Bafode Baldé,36383
Hélder Baldé,36384
Douglas JR,36385
Musab,36386
Habkoor,36387
Moescu,36388
André David,36389
de Oliveira Ribeiro,36390
André Ribeiro,36391
Ulla,36392
Oliver Valaker,36393
Edvardsen,36394
Van der Saag,36395
Iradukunda,36396
Gift,36397
Links,36398
Hupe,36399
Tyreek,36400
García de Haro,36401
Schleimer,36402
Kpohomouh,36403
Kameron,36404
Ledwidge,36405
Mace,36406
Goodridge,36407
Franco Márquez,36408
Ivančić,36409
Ivancic,36410
Batlle Pascual,36411
Ona Batlle,36412
O. Batlle,36413
Merloi,36414
Aune Selland,36415
Heggebø,36416
Kalimuendo,36417
Miletić,36418
Mosa,36419
Cundle,36420
Bünyamin,36421
Balcı,36422
Malthe,36423
Højholt,36424
Kahl,36425
Tauer,36426
Papela,36427
Wilczyński,36428
Røsok,36429
Darlin,36430
Yongwa,36431
Melih,36432
Ibrahimoglu,36433
Büch,36434
Bonet,36435
Hocker,36436
Murathan,36437
Sütçü,36438
M.Sütçü,36439
Antunić,36440
Pavia,36441
Bazán,36442
Jorge Antonio,36443
L.Cruz,36444
Angles,36445
Caraza,36446
S. Galindo,36447
Quevedo,36448
Matzuda,36449
Collazos,36450
Zeta,36451
Febles,36452
Campana,36453
Quiñónez,36454
Melgar,36455
C. Melgar,36456
Carabaño,36457
Hilario,36458
Lliuya,36459
Duclós,36460
Fajardo,36461
Osio,36462
Balta,36463
Rioja,36464
V. Melgar,36465
Laredo,36466
P. Laredo,36467
Yorkman,36468
Guachiré,36469
Gabriel Marques,36470
de Andrade Pinto,36471
Villarroel,36472
Widen,36473
Italo,36474
Sotillo,36475
Yulio,36476
Hermoza,36477
Aponte,36478
J. Aponte,36479
Rosell,36480
Guidino,36481
Jeickson,36482
Mesones,36483
Polar,36484
Astorga,36485
Danzaki,36486
Sawada,36487
Duban,36488
Noß,36489
Makridis,36490
Takács,36491
Ballet,36492
Provod,36493
Manenti,36494
Cortés Heredia,36495
Antoñín,36496
Antoñin,36497
Trew,36498
Popovic,36499
Valín Sánchez,36500
Valín,36501
Romero Gómez,36502
Cristo Romero,36503
Lavandeira,36504
Llovera,36505
Rosmel,36506
Plazas,36507
Trías,36508
Enmanuel,36509
Páucar,36510
E. Paucar,36511
Andreutti,36512
Assís,36513
Noboa,36514
Tejena,36515
Beycker,36516
B. Velasquez,36517
Yhonathan,36518
Yustiz,36519
Yegüez,36520
Joiser,36521
Manrique,36522
Luzárraga,36523
G. Correa,36524
Jhonney,36525
Fereira,36526
Urpín,36527
A. Montero,36528
Jeizon,36529
Edanyilber,36530
Luna Diale,36531
A. Osorio,36532
Febres,36533
Jeriel,36534
Omossola,36535
Mohamed Magdy,36536
Afsha,36537
El Shahat,36538
Mothobi,36539
Mvala,36540
Mbhazima,36541
Rikhotso,36542
Franco Ezequiel,36543
Nardoni,36544
Jiaqi,36545
Han Jiaqi,36546
Han J.Q.,36547
Bourdal,36548
Shipeng,36549
Luo Shipeng,36550
Luo SH.P.,36551
Changsheng,36552
Wei Changsheng,36553
Wei CH.SH.,36554
Qiule,36555
Gong Qiule,36556
Gong Q.L.,36557
Ren Wei,36558
Ren W.,36559
Ruifeng,36560
Huang Ruifeng,36561
Huang R.F.,36562
Xuelong,36563
Sun Xuelong,36564
Sun X.L.,36565
Barron,36566
Dickson-Peters,36567
Evans-Harriott,36568
Terrell,36569
Egbri,36570
Abetew,36571
Muñóz,36572
Rovaglia,36573
Bradbury,36574
Lorik,36575
Emini,36576
Arambarri Murua,36577
Fernández Hidalgo,36578
Íñigo,36579
Sainz-Maza Serna,36580
Sainz-Maza,36581
Silva Guimarães,36582
Ekhi,36583
Bravo Díaz,36584
Ekhi Bravo,36585
Gioacchini,36586
Rabouille,36587
Woltemade,36588
Jhojan,36589
Rafael Allan,36590
Mollercke,36591
Haibrany,36592
Cazares,36593
Alcívar,36594
Latorre,36595
Caseras,36596
Ezequías,36597
Redín,36598
Waller,36599
Guirin,36600
Cartés,36601
Kidd,36602
Minda,36603
Menacho,36604
Yvo,36605
Calleros,36606
Barros Silva,36607
Rafael Barros,36608
Dibble,36609
Suhr,36610
Yurtseven,36611
Sasere,36612
Tekşen,36613
Kornvig,36614
Casanova,36615
Diallo Amad,36616
Vieira Fernandes,36617
Rodrigo Fernandes,36618
Rodrigo F.,36619
Dekuyper,36620
Bonini,36621
Marín Tomás,36622
Carlos Marín,36623
C. Marín,36624
Chem,36625
Beier,36626
Madelin,36627
Leal Díaz,36628
Migue Leal,36629
Migue,36630
Supryn,36631
Steinsland Kvarven,36632
Pavone,36633
Willert,36634
Urapuca,36635
Veizaga,36636
Pijnaker,36637
Swibel,36638
Walls,36639
Clody,36640
Nagy Zs.,36641
Enson,36642
Deneumostier,36643
Tandazo,36644
Labrin,36645
Anyelo,36646
Neyra,36647
Mifflin,36648
Gregori,36649
Anangonó,36650
Vivar,36651
Hideyoshi,36652
Arakaki,36653
Sabit,36654
Abdulai,36655
Hólguer,36656
Matamoros,36657
Asan,36658
Nilton,36659
Varela Lopes,36660
Nilton Varela,36661
Egell-Johnsen,36662
Esquerdo Santas,36663
Esquerdo,36664
Poulolo,36665
Azón Marco,36666
Azón,36667
Białek,36668
Denilho,36669
Cleonise,36670
Beka Beka,36671
Ennio,36672
van der Gouw,36673
Book,36674
Dumitrescu,36675
Căpușă,36676
Capusa,36677
Zafer,36678
Görgen,36679
Pietrogiovanna,36680
Ilay,36681
Elmkies,36682
Nahar,36683
Daniel Jesús,36684
Martín Gil,36685
Francés Torrijo,36686
Francés,36687
A. Francés,36688
Mena Díaz,36689
Carlos Mena,36690
Padilla Soler,36691
Jorge Padilla,36692
Ogunby,36693
Ramúa,36694
Olguín,36695
Yglesias,36696
Brackson,36697
Milciades,36698
Molinas,36699
José Junhior,36700
Ronal,36701
Archimbaud,36702
Aucca,36703
Pazmiño,36704
Juan Raúl,36705
Neira,36706
Arabe,36707
Puña,36708
Farro,36709
Monaga,36710
Ovejero,36711
Acasiete,36712
Samaniego,36713
Ruiz Díaz,36714
Cubilla,36715
Marc-Francois,36716
Enoumba,36717
Romay,36718
Sixto,36719
Huaccha,36720
Nildo,36721
Strannegård,36722
Cassaert,36723
Faiz,36724
Mattoir,36725
Diliberto,36726
Brede,36727
Sandmoen,36728
Negrea,36729
Hiran,36730
Egloff,36731
Al Marshoud,36732
Ricky-Jade,36733
Nicole,36734
Stratford,36735
Tayvon,36736
Pape Meissa,36737
Turati,36738
Banjaqui,36739
Álvarez Goñi,36740
Iñaki Álvarez,36741
I. Álvarez,36742
Nieto Sánchez,36743
Haneda,36744
Pape Habib,36745
Piccinini,36746
Juwara,36747
Reinier,36748
Jesus Carvalho,36749
Bard,36750
Neugebauer,36751
Mikautadze,36752
Harratt,36753
Kélian,36754
Nsona,36755
Csiszér,36756
Reko Silva,36757
Haro Hernanz,36758
Pablo Haro,36759
Itzel,36760
Indacoechea,36761
Coelho,36762
Mokdad,36763
Slonina,36764
Curruhinca,36765
Negro,36766
B. Negro,36767
Da Cunha,36768
Damergy,36769
Alvin,36770
Sotillos Miarmau,36771
Sotillos,36772
Yonaiker,36773
Olveira,36774
Ale,36775
Ospitaleche,36776
Plada,36777
Piquerez,36778
Jhony,36779
Leites,36780
Søraas Sebulonsen,36781
López Cristóbal,36782
Ivi López,36783
Zico,36784
Rush,36785
Arezo,36786
Zerkane,36787
Thielmann,36788
Hatfout,36789
Romeri,36790
Villamizar,36791
Maikol,36792
Guaramato,36793
Oukili,36794
Brend,36795
Leeflang,36796
Edmilson,36797
Indjai Correia,36798
Boushal,36799
Tunjov,36800
Ginella,36801
Arrua,36802
Santacruz,36803
Duré,36804
Edgardo,36805
Orzuza,36806
Verdún,36807
Gavilán,36808
Espínola,36809
Dávalos,36810
Fleitas,36811
Gauto,36812
Gaona,36813
Brage,36814
Skaret,36815
Isufi,36816
Sontje,36817
Armoa,36818
Valdeci,36819
Argüello,36820
Boutoutaou,36821
Cruz Hernández,36822
Álex Cruz,36823
Atienza Villa,36824
Pepe Sánchez,36825
Echarri Marín,36826
Marc Echarri,36827
M. Echarri,36828
Mijnans,36829
Lipman,36830
Jassem,36831
Rein,36832
Smit,36833
Tijn,36834
Daverveld,36835
Noni,36836
Madueke,36837
Dionkou,36838
Bocic,36839
Reinhart,36840
Osman Can,36841
Cötür,36842
MacIver,36843
Du Jae,36844
Won,36845
Won Du Jae,36846
DuJae,36847
Kocyła,36848
Prętnik,36849
Pedro Manuel,36850
Mineiro Mendes,36851
Kinali,36852
Meister,36853
Seiji,36854
Rabuñal,36855
Davison,36856
Kurokawa,36857
Tetsushi,36858
Yamakawa,36859
Youssouph,36860
Galli,36861
Bayli,36862
Spencer-Adams,36863
Saydee,36864
Mighten,36865
Valera Karabinaite,36866
Germán V.,36867
Seymore,36868
Hotta,36869
Norimichi,36870
Oeynhausen,36871
Jasir,36872
Asani,36873
Nomura,36874
José Andrés,36875
Portocarrero,36876
Chafaï,36877
Duarte Castanheira,36878
Adriano Castanheira,36879
Ryuho,36880
Otieno,36881
Sento,36882
Ichimori,36883
Miyuki,36884
Indiana,36885
Vassilev,36886
Takazawa,36887
Dorley,36888
Tatsuhiro,36889
Sakamoto,36890
Volker,36891
Souper,36892
Cubero Ezcurra,36893
Loera,36894
Bartol,36895
Franjic,36896
Banegas,36897
Rivadeneyra,36898
Spenhay,36899
Casiani,36900
Aragón,36901
Pitta,36902
Wildo,36903
Wilfredo,36904
Soleto,36905
Chader,36906
Ogulcan,36907
Bekar,36908
Leesley,36909
Cristofer,36910
Abdala,36911
Cerecedo,36912
Michel Ndary,36913
Adopo,36914
Kaynak,36915
Ş.Kaynak,36916
Joffré,36917
Gazzolo,36918
Panuco,36919
Tenho,36920
Kodai,36921
Dohi,36922
Terem,36923
Moffi,36924
Rovella,36925
Ayukawa,36926
Asano,36927
Cadena,36928
Bartouche,36929
Bubacar Boi,36930
Bubacar Djaló,36931
Sekidika,36932
Jama,36933
Vidmajer,36934
Nicosia,36935
Corral Valero,36936
Samu Corral,36937
Ki Woon,36938
Lee Ki Woon,36939
Kiwoon,36940
Hyun Taek,36941
Cho Hyun Taek,36942
Hyuntaek,36943
Ransford-Yeboah,36944
Königsdörffer,36945
Hotaka,36946
Olabiran,36947
Muyiwa,36948
Moaath,36949
Afana,36950
M. Afaneh,36951
Dike,36952
Penninkangas,36953
José Trinidad,36954
Villeda,36955
Adorno,36956
Abeijón,36957
Amorín,36958
Vasilantonopoulos,36959
Sardelis,36960
Diego Aaron,36961
Pámanes,36962
Di Leonardo,36963
Osei,36964
Cantoro,36965
Gubbins,36966
de Jesus do Chão,36967
Léo Chão,36968
Hamasaki,36969
Ventúra,36970
Albu,36971
Skovajsa,36972
González Vega,36973
Cazal,36974
Oneto,36975
Willan,36976
Jorge Luis,36977
Edi Maurício,36978
Sanches Semedo,36979
Edi Semedo,36980
Shkurin,36981
Badé,36982
Tijanić,36983
Hyung Kyeong,36984
Lee Hyeong Kyeong,36985
Hyeongkyeong,36986
Tomás Pais,36987
Sarmento Castro,36988
Tomás Castro,36989
Azzedine,36990
Ounahi,36991
Solabarrieta,36992
Liebeskind,36993
Edixson,36994
Munjoma,36995
Beason,36996
Morar,36997
Gozálbez Gilabert,36998
Gozálbez,36999
Cartagena,37000
Ravy,37001
Tsouka,37002
Gollnack,37003
Milovanov,37004
El Ghezouani,37005
Yutaro,37006
de Dios Rivas,37007
Björndahl,37008
Recalde,37009
Dietze,37010
Thamer,37011
Al Ali,37012
Hjertstrand,37013
Koto,37014
Miyamoto,37015
Estevam Aguiar,37016
Celea,37017
Borges Junior,37018
Homero,37019
Lóránt,37020
Morgantini,37021
Shamir,37022
Janio,37023
Pósito,37024
Pretel,37025
Berhalter,37026
Stansfield,37027
Zago,37028
Dakota,37029
Ochsenham,37030
Anis,37031
Ben Slimane,37032
Slimane,37033
Culhaci,37034
Maddy,37035
Florián,37036
Diomar,37037
Zobo,37038
Suslov,37039
Slor,37040
Poll,37041
Roulaux,37042
Doldán,37043
Colassin,37044
Seppe,37045
Bastiaens,37046
Diaguely,37047
Kuveljić,37048
Machado Ferreira,37049
Vítor Ferreira,37050
Vitinha,37051
Akumu,37052
Paulo Estrela,37053
Clemente Mues,37054
Óscar Clemente,37055
Draghi,37056
Obed,37057
Nkambadio,37058
Martínez Calvo,37059
Zabarte Moreno,37060
Zabarte,37061
Iloski,37062
Hyeong Won,37063
Kim Hyeong Won,37064
Oravec,37065
Eui Bin,37066
Kang Eui Bin,37067
Șeroni,37068
Seroni,37069
Břečka,37070
Brecka,37071
Özkal,37072
Silva Monteiro,37073
João Monteiro,37074
Enamorado,37075
Güneş,37076
Isita,37077
Garzón,37078
Kobiljar,37079
Xenitidis,37080
Karargyris,37081
Firpo,37082
Bacchia,37083
Rocco,37084
van der Venne,37085
Kioso,37086
Denil,37087
Billingsley,37088
Candia J.,37089
Dekić,37090
Maelo,37091
Reátegui,37092
Pertusatti,37093
Hellebrand,37094
Jairsinho,37095
Izaguirre,37096
Facchineri,37097
Alcocer,37098
Gadi,37099
Kinda,37100
Garbett,37101
Wise,37102
Marran,37103
Daedlow,37104
Sylvester,37105
Ashvin,37106
Balaruban,37107
Humanes Muñoz,37108
David Humanes,37109
Jhoan,37110
Pizzuto,37111
Saidani,37112
Saidani.B,37113
Rodríguez Ruíz,37114
Mazzaco,37115
Aymane,37116
Mourid,37117
Lobete Cienfuegos,37118
Julen Lobete,37119
Tanghe,37120
Isais,37121
Díaz Barragán,37122
Nacho Díaz,37123
Castro Urdín,37124
Javier Castro,37125
Pabai,37126
Boženík,37127
Bozenik,37128
Bejtulai,37129
Matijaš,37130
John Mayanga,37131
Nekadio,37132
Donkin,37133
Rebelo Mesquita,37134
André Mesquita,37135
Mesquita,37136
Mumbongo,37137
Niemelä,37138
Josipović,37139
Barbery,37140
Salvatierra,37141
Taiki,37142
Matsumara,37143
Someno,37144
Ole Martin,37145
Kolskogen,37146
Bocat,37147
Realdo,37148
Fili,37149
Mesík,37150
Mesik,37151
Coskun,37152
Albiar Serrano,37153
Dani Albiar,37154
Ben David,37155
Bernhardsson,37156
Ondrejka,37157
Martínez Gonzálvez,37158
Barbero,37159
Mame Ass,37160
Ndir,37161
Carvalho Vieira,37162
Vitor Carvalho,37163
Vítor C.,37164
Campisi,37165
Grevink,37166
Mimi,37167
Bendebka,37168
Shuartzman,37169
Mamani,37170
Ostojić,37171
Tånnander,37172
Kyung Bae,37173
Park Kyung Bae,37174
Kyungbae,37175
Jae Beom,37176
Kwon Jae Beom,37177
Jaebeom,37178
Yoon Sung,37179
Cho Yoon Sung,37180
Yoonsung,37181
Velkovski,37182
Reyon,37183
Gabriel Luiz,37184
Sandes Gomes,37185
Gabriel Canela,37186
Diáz,37187
Da Won,37188
Lee Da Won,37189
Yvann,37190
Maçon,37191
Agostinho Henriques,37192
Danny Henriques,37193
Takuro,37194
Takamine,37195
Camilo Reijers,37196
El Bilal,37197
Krizmanić,37198
Faqihi,37199
Youssuf,37200
Winfred,37201
Geyrhofer,37202
Dardan,37203
Shabanhaxhaj,37204
Gohlke,37205
Adebowale,37206
Arweiler,37207
Rota,37208
Kristers,37209
Tobers,37210
Al Samtai,37211
Stojilković,37212
Shcherbakovski,37213
Mitoma,37214
de Almeida Costa,37215
Samuel Costa,37216
Boukhenchouche,37217
Chaouat,37218
Meléndez Ruiz,37219
Anieboh Pallaruelo,37220
González Casado,37221
del Campo Escobar,37222
Plomer Gordillo,37223
Dani Plomer,37224
El Kachati,37225
Quagliata,37226
Maldini,37227
Christogeorgos,37228
Athanasakopoulos,37229
Yackson,37230
Manasiev Sederstrom,37231
Mayta,37232
Hyllegaard,37233
Krebs,37234
Polverino,37235
Yordi,37236
Vílchez,37237
Chahuaylla,37238
Uscamayta,37239
Pando,37240
Jacson,37241
Skogvoll,37242
Mæland,37243
Hallstensen,37244
Carlos Niño,37245
Espinola,37246
Wilver,37247
Jimenéz,37248
Chanchamire,37249
Claure,37250
Yosmel,37251
Edgar Alexander,37252
Elicer,37253
Díver,37254
Leonai,37255
Souza de Almeida,37256
Etchebarne,37257
de Oliveira Barbosa,37258
Powell Obina,37259
Jirka,37260
Timossi Andersson,37261
Calderon,37262
Canido,37263
Solíz,37264
Juan Ramón,37265
Rodrigues de Souza,37266
Mero,37267
D'sean,37268
Theobalds,37269
Lastre,37270
Silvano,37271
Vernaza,37272
Batioja,37273
Ángeles,37274
Galletto,37275
Johnny Spike,37276
Gill,37277
Jimémez,37278
Petrovič,37279
Wilitty,37280
Younoussa,37281
Efthymis,37282
Kamiya,37283
Hatate,37284
Zwikstra,37285
Lupano,37286
Wdowik,37287
Kalinowski,37288
Azaro,37289
O.Azaro,37290
Lisowski,37291
Więckowski,37292
Raposo,37293
Kałuziński,37294
Orges,37295
Chodyna,37296
Paes Souza,37297
Lucas Paes,37298
Sánchez Sendra,37299
Borbas,37300
Stehle,37301
Andía,37302
Arrasco,37303
Kleiber,37304
Ferrufino,37305
Sagredo,37306
Taiga,37307
Leodan,37308
Tomson,37309
Recoba,37310
Rennie,37311
Scorza,37312
Hinata,37313
Renny,37314
Folleco,37315
Briones,37316
Olmedo,37317
Duhme,37318
Senga Nicolás,37319
Kata Martínez,37320
Niko Kata,37321
Ranko,37322
Veselinović,37323
Lando,37324
Yakup Mert,37325
Olden Larsen,37326
Al Abdulmunem,37327
Al Sharari,37328
Antiste,37329
Trujillo,37330
Leomar,37331
Mitsui,37332
Corral García,37333
Yuzawa,37334
Pacheco Dozagarat,37335
Mirambel Sorolla,37336
Mirambel,37337
Martínez Ruiz,37338
Carlos Martínez,37339
Gil Marcos,37340
Marcos Gil,37341
Martínez Cortés,37342
Molina Díaz,37343
Yeiber,37344
Myung,37345
Myung Se Jin,37346
Sejin,37347
Bourama,37348
Trezza,37349
Gracés,37350
Martirena,37351
Zules Caicedo,37352
Bodily,37353
Kargbo Jr.,37354
Donnellan,37355
Šutalo,37356
Arauz,37357
Fridolf,37358
Kevin Raphael,37359
Estalin,37360
Rockson,37361
Ehmann,37362
Dangubić,37363
Muhammadu,37364
Faal,37365
Urminsky,37366
Pecile,37367
Mieszko,37368
Lorenc,37369
Garrity,37370
Brid,37371
Gorzel,37372
Ćuže,37373
Poblete Hernández,37374
Luis Poblete,37375
Iruarrizaga Díez,37376
Ander Iru,37377
Iru,37378
Estiven,37379
Abanda,37380
Imanol,37381
Assad,37382
Al Hamlawi,37383
Hezze,37384
Dovin,37385
Pujol Amat,37386
Ricard Pujol,37387
Pujol,37388
Al Enezi,37389
Cabezudo,37390
Bettocchi,37391
Rabanal,37392
Joshué,37393
Nixon,37394
Cetré,37395
Gouletquer,37396
Adamou Amadou,37397
Tijani,37398
Abrego,37399
Jaisam,37400
Korbaj,37401
Ifunayachi,37402
Achara,37403
Dunbar,37404
Boğaçhan,37405
Kazmaz,37406
Sandıkçı,37407
Kamal-Deen,37408
Sulemana,37409
Kamaldeen,37410
Andri Fannar,37411
Baldursson,37412
Bækken,37413
Santos Amador,37414
Pedro Amador,37415
Căpățănă,37416
Capatana,37417
Carrasco Acosta,37418
Kike Carrasco,37419
Pulskamp,37420
Obissa,37421
Pérez Rico,37422
Xeber,37423
Alkain Mitxelena,37424
Alkain,37425
Rafael Pereira,37426
Mamoudou,37427
Notaroberto,37428
Sulbarán,37429
Luzi,37430
Loor,37431
Rosas Alonso,37432
Guille Rosas,37433
G. Rosas,37434
Oslimg,37435
Uzcátegui,37436
girl,37437
young,37438
Generic 6,37439
Ricardo Izecson,37440
dos Santos Leite,37441
Kaká,37442
Potato,37443
Draw Character 1,37444
Draw Character 2,37445
Draw Character 3,37446
,34000
,34000
,34000
,34000
,34000
,34000
,34000
,34000
,34000
,34000
,34000
,34000
,34000
,34000
,34000
,34000
,34000
,34000
,34000
,34000
,34000
,34000
,34000
,34000
,34000
,34000
,34000
,34000
,34000
,34000
,34000
,34000
,34000
,34000
,34000
,34000
,34000
,34000
,34000
,34000
,34000
,34000
,34000
,34000
,34000
,34000
,34000
,34000
,34000
,34000
,34000
,34000
,34000
,34000
,34000
,34000
,34000
,34000
,34000
,34000
,34000
,34000
,34000
,34000
,34000
,34000
,34000
,34000
,34000
,34000
,34000
,34000
,34000
,34000
,34000
,34000
,34000
,34000
,34000
,34000
,34000
,34000
,34000
,34000
,34000
,34000
,34000
,34000
,34000
,34000
,34000
,34000
,34000
,34000
,34000
,34000
,34000
,34000
,34000
,34000
,34000
,34000
,34000
,34000
,34000
,34000
,34000
,34000
,34000
,34000
,34000
,34000
,34000
,34000
,34000
,34000
,34000
,34000
,34000
,34000
,34000
,34000
,34000
,34000
,34000
,34000
,34000
,34000
,34000
,34000
,34000
,34000
,34000
,34000
,34000
,34000
,34000
,34000
,34000
,34000
,34000
,34000
,34000
,34000
,34000
,34000
,34000
,34000
,34000
,34000
,34000
,34000
,34000
,34000
,34000
,34000
,34000
,34000
,34000
,34000
,34000
,34000
,34000
,34000
,34000
,34000
,34000
,34000
,34000
,34000
,34000
,34000
,34000
,34000
,34000
,34000
,34000
,34000
,34000
,34000
,34000
,34000
,34000
,34000
,34000
,34000
,34000
,34000
,34000
,34000
,34000
,34000
,34000
,34000
,34000
,34000
,34000
,34000
,34000
,34000
,34000
,34000
,34000
,34000
,34000
,34000
,34000
,34000
,34000
,34000
,34000
,34000
,34000
,34000
,34000
,34000
,34000
,34000
,34000
,34000
,34000
,34000
,34000
,34000
,34000
,34000
,34000
,34000
,34000
,34000
,34000
,34000
,34000
,34000
,34000
,34000
,34000
,34000
,34000
,34000
,34000
,34000
,34000
,34000
,34000
,34000
,34000
,34000
,34000
,34000
,34000
,34000
,34000
,34000
,34000
,34000
,34000
,34000
,34000
,34000
,34000
,34000
,34000
,34000
,34000
,34000
,34000
,34000
,34000
,34000
,34000
,34000
,34000
,34000
,34000
,34000
,34000
,34000
,34000
,34000
,34000
,34000
,34000
,34000
,34000
,34000
,34000
,34000
,34000
,34000
,34000
,34000
,34000
,34000
,34000
,34000
,34000
,34000
,34000
,34000
,34000
,34000
,34000
,34000
,34000
,34000
,34000
,34000
,34000
,34000
,34000
,34000
,34000
,34000
,34000
,34000
,34000
,34000
,34000
,34000
,34000
,34000
,34000
,34000
,34000
,34000
,34000
,34000
,34000
,34000
,34000
,34000
,34000
,34000
,34000
,34000
,34000
,34000
,34000
,34000
,34000
,34000
,34000
,34000
,34000
,34000
,34000
,34000
,34000
,34000
,34000
,34000
,34000
,34000
,34000
,34000
,34000
,34000
,34000
,34000
,34000
,34000
,34000
,34000
,34000
,34000
,34000
,34000
,34000
,34000
,34000
,34000
,34000
,34000
,34000
,34000
,34000
,34000
,34000
,34000
,34000
,34000
,34000
,34000
,34000
,34000
,34000
,34000
,34000
,34000
,34000
,34000
,34000
,34000
,34000
,34000
,34000
,34000
,34000
,34000
,34000
,34000
,34000
,34000
,34000
,34000
,34000
,34000
,34000
,34000
,34000
,34000
,34000
,34000
,34000
,34000
,34000
,34000
,34000
,34000
,34000
,34000
,34000
,34000
,34000
,34000
,34000
,34000
,34000
,34000
,34000
,34000
,34000
,34000
,34000
,34000
,34000
,34000
,34000
,34000
,34000
,34000
,34000
,34000
,34000
,34000
,34000
,34000
,34000
,34000
,34000
,34000
,34000
,34000
,34000
,34000
,34000
,34000
,34000
,34000
,34000
,34000
,34000
,34000
,34000
,34000
,34000
,34000
,34000
,34000
,34000
,34000
,34000
,34000
,34000
,34000
,34000
,34000
,34000
,34000
,34000
,34000
,34000
,34000
,34000
,34000
,34000
,34000
,34000
,34000
,34000
,34000
,34000
,34000
,34000
,34000
,34000
,34000
,34000
,34000
,34000
,34000
,34000
,34000
,34000
,34000
,34000
,34000
,34000
,34000
,34000
,34000
,34000
,34000
,34000
,34000
,34000
,34000
,34000
,34000
,34000
,34000
,34000
,34000
,34000
,34000
,34000
,34000
,34000
,34000
,34000
,34000
,34000
,34000
,34000
,34000
,34000
,34000
,34000
,34000
,34000
,34000
,34000
,34000
,34000
,34000
,34000
,34000
,34000
,34000
,34000
,34000
,34000
,34000
,34000
,34000
,34000
,34000
,34000
,34000
,34000
,34000
,34000
,34000
,34000
,34000
,34000
,34000
,34000
,34000
,34000
,34000
,34000
,34000
,34000
,34000
,34000
,34000
,34000
,34000
,34000
,34000
,34000
,34000
,34000
,34000
,34000
,34000
,34000
,34000
,34000
,34000
,34000
,34000
,34000
,34000
,34000
,34000
,34000
,34000
,34000
,34000
,34000
,34000
,34000
,34000
,34000
,34000
,34000
,34000
,34000
,34000
,34000
,34000
,34000
,34000
,34000
,34000
,34000
,34000
,34000
,34000
,34000
,34000
,34000
,34000
,34000
,34000
,34000
,34000
,34000
,34000
,34000
,34000
,34000
,34000
,34000
,34000
,34000
,34000
,34000
,34000
,34000
,34000
,34000
,34000
,34000
,34000
,34000
,34000
,34000
,34000
,34000
,34000
,34000
,34000
,34000
,34000
,34000
,34000
,34000
,34000
,34000
,34000
,34000
,34000
,34000
,34000
,34000
,34000
,34000
,34000
,34000
,34000
,34000
,34000
,34000
,34000
,34000
,34000
,34000
,34000
,34000
,34000
,34000
,34000
,34000
,34000
,34000
,34000
,34000
,34000
,34000
,34000
,34000
,34000
,34000
,34000
,34000
,34000
,34000
,34000
,34000
,34000
,34000
,34000
,34000
,34000
,34000
,34000
,34000
,34000
,34000
,34000
,34000
,34000
,34000
,34000
,34000
,34000
,34000
,34000
,34000
,34000
,34000
,34000
,34000
,34000
,34000
,34000
,34000
,34000
,34000
,34000
,34000
,34000
,34000
,34000
,34000
,34000
,34000
,34000
,34000
,34000
,34000
,34000
,34000
,34000
,34000
,34000
,34000
,34000
,34000
,34000
,34000
,34000
,34000
,34000
,34000
,34000
,34000
,34000
,34000
,34000
,34000
,34000
,34000
,34000
,34000
,34000
,34000
,34000
,34000
,34000
,34000
,34000
,34000
,34000
,34000
,34000
,34000
,34000
,34000
,34000
,34000
,34000
,34000
,34000
,34000
,34000
,34000
,34000
,34000
,34000
,34000
,34000
,34000
,34000
,34000
,34000
,34000
,34000
,34000
,34000
,34000
,34000
,34000
,34000
,34000
,34000
,34000
,34000
,34000
,34000
,34000
,34000
,34000
,34000
,34000
,34000
,34000
,34000
,34000
,34000
,34000
,34000
,34000
,34000
,34000
,34000
,34000
,34000
,34000
,34000
,34000
,34000
,34000
,34000
,34000
,34000
,34000
,34000
,34000
,34000
,34000
,34000
,34000
,34000
,34000
,34000
,34000
,34000
,34000
,34000
,34000
,34000
,34000
,34000
,34000
,34000
,34000
,34000
,34000
,34000
,34000
,34000
,34000
,34000
,34000
,34000
,34000
,34000
,34000
,34000
,34000
,34000
,34000
,34000
,34000
,34000
,34000
,34000
,34000
,34000
,34000
,34000
,34000
,34000
,34000
,34000
,34000
,34000
,34000
,34000
,34000
,34000
,34000
,34000
,34000
,34000
,34000
,34000
,34000
,34000
,34000
,34000
,34000
,34000
,34000
,34000
,34000
,34000
,34000
,34000
,34000
,34000
,34000
,34000
,34000
,34000
,34000
,34000
,34000
,34000
,34000
,34000
,34000
,34000
,34000
,34000
,34000
,34000
,34000
,34000
,34000
,34000
,34000
,34000
,34000
,34000
,34000
,34000
,34000
,34000
,34000
,34000
,34000
,34000
,34000
,34000
,34000
,34000
,34000
,34000
,34000
,34000
,34000
,34000
,34000
,34000
,34000
,34000
,34000
,34000
,34000
,34000
,34000
,34000
,34000
,34000
,34000
,34000
,34000
,34000
,34000
,34000
,34000
,34000
,34000
,34000
,34000
,34000
,34000
,34000
,34000
,34000
,34000
,34000
,34000
,34000
,34000
,34000
,34000
,34000
,34000
,34000
,34000
,34000
,34000
,34000
,34000
,34000
,34000
,34000
,34000
,34000
,34000
,34000
,34000
,34000
,34000
,34000
,34000
,34000
,34000
,34000
,34000
,34000
,34000
,34000
,34000
,34000
,34000
,34000
,34000
,34000
,34000
,34000
,34000
,34000
,34000
,34000
,34000
,34000
,34000
,34000
,34000
,34000
,34000
,34000
,34000
,34000
,34000
,34000
,34000
,34000
,34000
,34000
,34000
,34000
,34000
,34000
,34000
,34000
,34000
,34000
,34000
,34000
,34000
,34000
,34000
,34000
,34000
,34000
,34000
,34000
,34000
,34000
,34000
,34000
,34000
,34000
,34000
,34000
,34000
,34000
,34000
,34000
,34000
,34000
,34000
,34000
,34000
,34000
,34000
,34000
,34000
,34000
,34000
,34000
,34000
,34000
,34000
,34000
,34000
,34000
,34000
,34000
,34000
,34000
,34000
,34000
,34000
,34000
,34000
,34000
,34000
,34000
,34000
,34000
,34000
,34000
,34000
,34000
,34000
,34000
,34000
,34000
,34000
,34000
,34000
,34000
,34000
,34000
,34000
,34000
,34000
,34000
,34000
,34000
,34000
,34000
,34000
,34000
,34000
,34000
,34000
,34000
,34000
,34000
,34000
,34000
,34000
,34000
,34000
,34000
,34000
,34000
,34000
,34000
,34000
,34000
,34000
,34000
,34000
,34000
,34000
,34000
,34000
,34000
,34000
,34000
,34000
,34000
,34000
,34000
,34000
,34000
,34000
,34000
,34000
,34000
,34000
,34000
,34000
,34000
,34000
,34000
,34000
,34000
,34000
,34000
,34000
,34000
,34000
,34000
,34000
,34000
,34000
,34000
,34000
,34000
,34000
,34000
,34000
,34000
,34000
,34000
,34000
,34000
,34000
,34000
,34000
,34000
,34000
,34000
,34000
,34000
,34000
,34000
,34000
,34000
,34000
,34000
,34000
,34000
,34000
,34000
,34000
,34000
,34000
,34000
,34000
,34000
,34000
,34000
,34000
,34000
,34000
,34000
,34000
,34000
,34000
,34000
,34000
,34000
,34000
,34000
,34000
,34000
,34000
,34000
,34000
,34000
,34000
,34000
,34000
,34000
,34000
,34000
,34000
,34000
,34000
,34000
,34000
,34000
,34000
,34000
,34000
,34000
,34000
,34000
,34000
,34000
,34000
,34000
,34000
,34000
,34000
,34000
,34000
,34000
,34000
,34000
,34000
,34000
,34000
,34000
,34000
,34000
,34000
,34000
,34000
,34000
,34000
,34000
,34000
,34000
,34000
,34000
,34000
,34000
,34000
,34000
,34000
,34000
,34000
,34000
,34000
,34000
,34000
,34000
,34000
,34000
,34000
,34000
,34000
,34000
,34000
,34000
,34000
,34000
,34000
,34000
,34000
,34000
,34000
,34000
,34000
,34000
,34000
,34000
,34000
,34000
,34000
,34000
,34000
,34000
,34000
,34000
,34000
,34000
,34000
,34000
,34000
,34000
,34000
,34000
,34000
,34000
,34000
,34000
,34000
,34000
,34000
,34000
,34000
,34000
,34000
,34000
,34000
,34000
,34000
,34000
,34000
,34000
,34000
,34000
,34000
,34000
,34000
,34000
,34000
,34000
,34000
,34000
,34000
,34000
,34000
,34000
,34000
,34000
,34000
,34000
,34000
,34000
,34000
,34000
,34000
,34000
,34000
,34000
,34000
,34000
,34000
,34000
,34000
,34000
,34000
,34000
,34000
,34000
,34000
,34000
,34000
,34000
,34000
,34000
,34000
,34000
,34000
,34000
,34000
,34000
,34000
,34000
,34000
,34000
,34000
,34000
,34000
,34000
,34000
,34000
,34000
,34000
,34000
,34000
,34000
,34000
,34000
,34000
,34000
,34000
,34000
,34000
,34000
,34000
,34000
,34000
,34000
,34000
,34000
,34000
,34000
,34000
,34000
,34000
,34000
,34000
,34000
,34000
,34000
,34000
,34000
,34000
,34000
,34000
,34000
,34000
,34000
,34000
,34000
,34000
,34000
,34000
,34000
,34000
,34000
,34000
,34000
,34000
,34000
,34000
,34000
,34000
,34000
,34000
,34000
,34000
,34000
,34000
,34000
,34000
,34000
,34000
,34000
,34000
,34000
,34000
,34000
,34000
,34000
,34000
,34000
,34000
,34000
,34000
,34000
,34000
,34000
,34000
,34000
,34000
,34000
,34000
,34000
,34000
,34000
,34000
,34000
,34000
,34000
,34000
,34000
,34000
,34000
,34000
,34000
,34000
,34000
,34000
,34000
,34000
,34000
,34000
,34000
,34000
,34000
,34000
,34000
,34000
,34000
,34000
,34000
,34000
,34000
,34000
,34000
,34000
,34000
,34000
,34000
,34000
,34000
,34000
,34000
,34000
,34000
,34000
,34000
,34000
,34000
,34000
,34000
,34000
,34000
,34000
,34000
,34000
,34000
,34000
,34000
,34000
,34000
,34000
,34000
,34000
,34000
,34000
,34000
,34000
,34000
,34000
,34000
,34000
,34000
,34000
,34000
,34000
,34000
,34000
,34000
,34000
,34000
,34000
,34000
,34000
,34000
,34000
,34000
,34000
,34000
,34000
,34000
,34000
,34000
,34000
,34000
,34000
,34000
,34000
,34000
,34000
,34000
,34000
,34000
,34000
,34000
,34000
,34000
,34000
,34000
,34000
,34000
,34000
,34000
,34000
,34000
,34000
,34000
,34000
,34000
,34000
,34000
,34000
,34000
,34000
,34000
,34000
,34000
,34000
,34000
,34000
,34000
,34000
,34000
,34000
,34000
,34000
,34000
,34000
,34000
,34000
,34000
,34000
,34000
,34000
,34000
,34000
,34000
,34000
,34000
,34000
,34000
,34000
,34000
,34000
,34000
,34000
,34000
,34000
,34000
,34000
,34000
,34000
,34000
,34000
,34000
,34000
,34000
,34000
,34000
,34000
,34000
,34000
,34000
,34000
,34000
,34000
,34000
,34000
,34000
,34000
,34000
,34000
,34000
,34000
,34000
,34000
,34000
,34000
,34000
,34000
,34000
,34000
,34000
,34000
,34000
,34000
,34000
,34000
,34000
,34000
,34000
,34000
,34000
,34000
,34000
,34000
,34000
,34000
,34000
,34000
,34000
,34000
,34000
,34000
,34000
,34000
,34000
,34000
,34000
,34000
,34000
,34000
,34000
,34000
,34000
,34000
,34000
,34000
,34000
,34000
,34000
,34000
,34000
,34000
,34000
,34000
,34000
,34000
,34000
,34000
,34000
,34000
,34000
,34000
,34000
,34000
,34000
,34000
,34000
,34000
,34000
,34000
,34000
,34000
,34000
,34000
,34000
,34000
,34000
,34000
,34000
,34000
,34000
,34000
,34000
,34000
,34000
,34000
,34000
,34000
,34000
,34000
,34000
,34000
,34000
,34000
,34000
,34000
,34000
,34000
,34000
,34000
,34000
,34000
,34000
,34000
,34000
,34000
,34000
,34000
,34000
,34000
,34000
,34000
,34000
,34000
,34000
,34000
,34000
,34000
,34000
,34000
,34000
,34000
,34000
,34000
,34000
,34000
,34000
,34000
,34000
,34000
,34000
,34000
,34000
,34000
,34000
,34000
,34000
,34000
,34000
,34000
,34000
,34000
,34000
,34000
,34000
,34000
,34000
,34000
,34000
,34000
,34000
,34000
,34000
,34000
,34000
,34000
,34000
,34000
,34000
,34000
,34000
,34000
,34000
,34000
,34000
,34000
,34000
,34000
,34000
,34000
,34000
,34000
,34000
,34000
,34000
,34000
,34000
,34000
,34000
,34000
,34000
,34000
,34000
,34000
,34000
,34000
,34000
,34000
,34000
,34000
,34000
,34000
,34000
,34000
,34000
,34000
,34000
,34000
,34000
,34000
,34000
,34000
,34000
,34000
,34000
,34000
,34000
,34000
,34000
,34000
,34000
,34000
,34000
,34000
,34000
,34000
,34000
,34000
,34000
,34000
,34000
,34000
,34000
,34000
,34000
,34000
,34000
,34000
,34000
,34000
,34000
,34000
,34000
,34000
,34000
,34000
,34000
,34000
,34000
,34000
,34000
,34000
,34000
,34000
,34000
,34000
,34000
,34000
,34000
,34000
,34000
,34000
,34000
,34000
,34000
,34000
,34000
,34000
,34000
,34000
,34000
,34000
,34000
,34000
,34000
,34000
,34000
,34000
,34000
,34000
,34000
,34000
,34000
,34000
,34000
,34000
,34000
,34000
,34000
,34000
,34000
,34000
,34000
,34000
,34000
,34000
,34000
,34000
,34000
,34000
,34000
,34000
,34000
,34000
,34000
,34000
,34000
,34000
,34000
,34000
,34000
,34000
,34000
,34000
,34000
,34000
,34000
,34000
,34000
,34000
,34000
,34000
,34000
,34000
,34000
,34000
,34000
,34000
,34000
,34000
,34000
,34000
,34000
,34000
,34000
,34000
,34000
,34000
,34000
,34000
,34000
,34000
,34000
,34000
,34000
,34000
,34000
,34000
,34000
,34000
,34000
,34000
,34000
,34000
,34000
,34000
,34000
,34000
,34000
,34000
,34000
,34000
,34000
,34000
,34000
,34000
,34000
,34000
,34000
,34000
,34000
,34000
,34000
,34000
,34000
,34000
,34000
,34000
,34000
,34000
,34000
,34000
,34000
,34000
,34000
,34000
,34000
,34000
,34000
,34000
,34000
,34000
,34000
,34000
,34000
,34000
,34000
,34000
,34000
,34000
,34000
,34000
,34000
,34000
,34000
,34000
,34000
,34000
,34000
,34000
,34000
,34000
,34000
,34000
,34000
,34000
,34000
,34000
,34000
,34000
,34000
,34000
,34000
,34000
,34000
,34000
,34000
,34000
,34000
,34000
,34000
,34000
,34000
,34000
,34000
,34000
,34000
,34000
,34000
,34000
,34000
,34000
,34000
,34000
,34000
,34000
,34000
,34000
,34000
,34000
,34000
,34000
,34000
,34000
,34000
,34000
,34000
,34000
,34000
,34000
,34000
,34000
,34000
,34000
,34000
,34000
,34000
,34000
,34000
,34000
,34000
,34000
,34000
,34000
,34000
,34000
,34000
,34000
,34000
,34000
,34000
,34000
,34000
,34000
,34000
,34000
,34000
,34000
,34000
,34000
,34000
,34000
,34000
,34000
,34000
,34000
,34000
,34000
,34000
,34000
,34000
,34000
,34000
,34000
,34000
,34000
,34000
,34000
,34000
,34000
,34000
,34000
,34000
,34000
,34000
,34000
,34000
,34000
,34000
,34000
,34000
,34000
,34000
,34000
,34000
,34000
,34000
,34000
,34000
,34000
,34000
,34000
,34000
,34000
,34000
,34000
,34000
,34000
,34000
,34000
,34000
,34000
,34000
,34000
,34000
,34000
,34000
,34000
,34000
,34000
,34000
,34000
,34000
,34000
,34000
,34000
,34000
,34000
,34000
,34000
,34000
,34000
,34000
,34000
,34000
,34000
,34000
,34000
,34000
,34000
,34000
,34000
,34000
,34000
,34000
,34000
,34000
,34000
,34000
,34000
,34000
,34000
,34000
,34000
,34000
,34000
,34000
,34000
,34000
,34000
,34000
,34000
,34000
,34000
,34000
,34000
,34000
,34000
,34000
,34000
,34000
,34000
,34000
,34000
,34000
,34000
,34000
,34000
,34000
,34000
,34000
,34000
,34000
,34000
,34000
,34000
,34000
,34000
,34000
,34000
,34000
,34000
,34000
,34000
,34000
,34000
,34000
,34000
,34000
,34000
,34000
,34000
,34000
,34000
,34000
,34000
,34000
,34000
,34000
,34000
,34000
,34000
,34000
,34000
,34000
,34000
,34000
,34000
,34000
,34000
,34000
,34000
,34000
,34000
,34000
,34000
,34000
,34000
,34000
,34000
,34000
,34000
,34000
,34000
,34000
,34000
,34000
,34000
,34000
,34000
,34000
,34000
,34000
,34000
,34000
,34000
,34000
,34000
,34000
,34000
,34000
,34000
,34000
,34000
,34000
,34000
,34000
,34000
,34000
,34000
,34000
,34000
,34000
,34000
,34000
,34000
,34000
,34000
,34000
,34000
,34000
,34000
,34000
,34000
,34000
,34000
,34000
,34000
,34000
,34000
,34000
,34000
,34000
,34000
,34000
,34000
,34000
,34000
,34000
,34000
,34000
,34000
,34000
,34000
,34000
,34000
,34000
,34000
,34000
,34000
,34000
,34000
,34000
,34000
,34000
,34000
,34000
,34000
,34000
,34000
,34000
,34000
,34000
,34000
,34000
,34000
,34000
,34000
,34000
,34000
,34000
,34000
,34000
,34000
,34000
,34000
,34000
,34000
,34000
,34000
,34000
,34000
,34000
,34000
,34000
,34000
,34000
,34000
,34000
,34000
,34000
,34000
,34000
,34000
,34000
,34000
,34000
,34000
,34000
,34000
,34000
,34000
,34000
,34000
,34000
,34000
,34000
,34000
,34000
,34000
,34000
,34000
,34000
,34000
,34000
,34000
,34000
,34000
,34000
,34000
,34000
,34000
,34000
,34000
,34000
,34000
,34000
,34000
,34000
,34000
,34000
,34000
,34000
,34000
,34000
,34000
,34000
,34000
,34000
,34000
,34000
,34000
,34000
,34000
,34000
,34000
,34000
,34000
,34000
,34000
,34000
,34000
,34000
,34000
,34000
,34000
,34000
,34000
,34000
,34000
,34000
,34000
,34000
,34000
,34000
,34000
,34000
,34000
,34000
,34000
,34000
,34000
,34000
,34000
,34000
,34000
,34000
,34000
,34000
,34000
,34000
,34000
,34000
,34000
,34000
,34000
,34000
,34000
,34000
,34000
,34000
,34000
,34000
,34000
,34000
,34000
,34000
,34000
,34000
,34000
,34000
,34000
,34000
,34000
,34000
,34000
,34000
